projectDescriptionID,releaseID,releasePurposeID,markedTaxonID,markedRunID,markedLifeStageID,markedFishOriginID,sourceOfFishSiteID,releaseSiteID,releaseSubSiteID,nMortWhileHandling,nMortAtCheck,nReleased,releaseTime,releaseLightConditionID,testDays,includeTestID,appliedMarkTypeID,appliedMarkColorID,appliedMarkPositionID,appliedMarkCode
0,0,252,252,251,251,253,252,252,NA,NA,NA,0,2000-01-01T00:00:00Z,NA,0,2,NA,NA,NA,NA
0,255,252,252,251,251,253,252,252,NA,NA,NA,0,2000-01-01T00:00:00Z,NA,0,2,NA,NA,NA,NA
2,0,252,252,251,251,253,252,252,NA,NA,NA,0,2000-01-01T00:00:00Z,NA,0,2,NA,NA,NA,NA
2,1,1,161980,3,251,2,251,44000,44007,NA,NA,3181,1999-02-04T17:00:00Z,NA,2,2,2,252,1,NA
2,2,1,161980,251,NA,253,NA,44000,44000,NA,NA,1091,1999-02-16T17:00:00Z,NA,2,1,2,252,1,NA
2,3,1,161980,251,NA,253,NA,44000,44000,NA,NA,990,1999-03-16T17:00:00Z,NA,3,1,3,1,21,NA
2,4,1,161980,251,NA,253,NA,45000,45000,NA,NA,3151,1999-02-25T17:00:00Z,NA,4,1,2,252,1,NA
2,5,1,161980,251,NA,253,NA,45000,45000,NA,NA,999,1999-03-19T17:00:00Z,NA,4,1,3,1,21,NA
2,6,1,161980,251,NA,253,NA,45000,45000,NA,NA,999,1999-03-23T17:00:00Z,NA,3,1,3,1,21,NA
2,7,1,161980,251,NA,253,NA,44000,44000,NA,NA,1000,1999-12-31T17:00:00Z,NA,3,1,3,1,21,NA
2,8,1,161980,251,NA,253,NA,44000,44000,NA,NA,1000,2000-01-04T17:00:00Z,NA,3,1,3,1,21,NA
2,9,1,161980,251,NA,253,NA,44000,44000,NA,NA,1123,2000-01-11T17:00:00Z,NA,3,1,3,1,21,NA
2,10,1,161980,251,NA,253,NA,44000,44000,NA,NA,895,2000-01-18T17:00:00Z,NA,3,1,3,1,21,NA
2,11,1,161980,251,NA,253,NA,44000,44000,NA,NA,1025,2000-01-24T17:00:00Z,NA,4,1,3,1,21,NA
2,12,1,161980,251,NA,253,NA,44000,44000,NA,NA,940,2000-01-31T17:00:00Z,NA,3,1,3,1,21,NA
2,13,1,161980,251,NA,253,NA,44000,44000,NA,NA,978,2000-02-07T17:00:00Z,NA,3,1,3,1,21,NA
2,14,1,161980,251,NA,253,NA,44000,44000,NA,NA,410,2000-02-28T17:00:00Z,NA,2,1,3,1,21,NA
2,15,1,161980,251,NA,253,NA,45000,45000,NA,NA,999,1999-12-21T17:00:00Z,NA,2,1,3,1,21,NA
2,16,1,161980,251,NA,253,NA,45000,45000,NA,NA,990,2000-01-05T17:00:00Z,NA,2,1,3,1,21,NA
2,17,1,161980,251,NA,253,NA,45000,45000,NA,NA,1167,2000-01-11T17:00:00Z,NA,3,1,3,1,21,NA
2,18,1,161980,251,NA,253,NA,45000,45000,NA,NA,959,2000-01-18T17:00:00Z,NA,2,1,3,1,21,NA
2,19,1,161980,251,NA,253,NA,45000,45000,NA,NA,1093,2000-01-31T17:00:00Z,NA,2,1,3,1,21,NA
2,20,1,161980,251,NA,253,NA,45000,45000,NA,NA,930,2000-02-07T17:00:00Z,NA,2,1,3,1,21,NA
2,21,1,161980,251,NA,253,NA,44000,44000,NA,NA,549,2001-01-08T17:00:00Z,NA,4,1,3,1,21,NA
2,22,1,161980,251,NA,253,NA,44000,44000,NA,NA,470,2001-01-24T17:00:00Z,NA,3,1,3,1,21,NA
2,23,1,161980,251,NA,253,NA,44000,44000,NA,NA,485,2001-02-05T17:00:00Z,NA,2,1,3,16,251,NA
2,24,1,161980,251,NA,253,NA,44000,44000,NA,NA,863,2001-02-15T17:00:00Z,NA,2,1,3,15,251,NA
2,25,1,161980,251,NA,253,NA,44000,44000,NA,NA,340,2001-02-20T17:00:00Z,NA,7,1,3,16,251,NA
2,26,1,161980,251,NA,253,NA,44000,44000,NA,NA,2980,2001-02-26T17:00:00Z,NA,7,1,3,1,21,NA
2,27,1,161980,251,NA,253,NA,44000,44000,NA,NA,500,2001-03-05T17:00:00Z,NA,6,1,3,1,21,NA
2,28,1,161980,251,NA,253,NA,44000,44000,NA,NA,498,2001-03-12T17:00:00Z,NA,2,1,3,1,21,NA
2,29,1,161980,251,NA,253,NA,45000,45000,NA,NA,996,2001-01-17T17:00:00Z,NA,7,1,3,1,21,NA
2,30,1,161980,251,NA,253,NA,45000,45000,NA,NA,390,2001-01-25T17:00:00Z,NA,7,1,3,1,21,NA
2,31,1,161980,251,NA,253,NA,45000,45000,NA,NA,400,2001-02-06T17:00:00Z,NA,7,1,3,15,21,NA
2,32,1,161980,251,NA,253,NA,45000,45000,NA,NA,593,2001-02-14T17:00:00Z,NA,7,1,3,16,21,NA
2,33,1,161980,251,NA,253,NA,45000,45000,NA,NA,500,2001-02-21T17:00:00Z,NA,7,1,3,15,21,NA
2,34,1,161980,251,NA,253,NA,45000,45000,NA,NA,1000,2001-03-05T17:00:00Z,NA,7,1,3,1,21,NA
2,35,1,161980,251,NA,253,NA,45000,45000,NA,NA,998,2001-03-12T17:00:00Z,NA,7,1,3,1,21,NA
2,36,1,161980,251,NA,253,NA,45000,45000,NA,NA,305,2001-03-19T17:00:00Z,NA,7,1,3,1,21,NA
2,37,1,161980,251,NA,253,NA,45000,45000,NA,NA,595,2001-04-16T17:00:00Z,NA,7,1,3,1,21,NA
2,38,1,161980,251,NA,253,NA,44000,44000,NA,NA,996,2002-01-04T17:00:00Z,NA,2,1,3,1,21,NA
2,39,1,161980,251,NA,253,NA,44000,44000,NA,NA,1000,2002-01-08T17:00:00Z,NA,3,1,3,1,21,NA
2,40,1,161980,251,NA,253,NA,44000,44000,NA,NA,1495,2002-01-14T17:00:00Z,NA,4,1,3,1,21,NA
2,41,1,161980,251,NA,253,NA,44000,44000,NA,NA,1000,2002-01-22T17:00:00Z,NA,4,1,3,1,21,NA
2,42,1,161980,251,NA,253,NA,44000,44000,NA,NA,998,2002-01-28T17:00:00Z,NA,4,1,3,1,21,NA
2,43,1,161980,251,NA,253,NA,44000,44000,NA,NA,1000,2002-02-04T17:00:00Z,NA,2,1,3,1,21,NA
2,44,1,161980,251,NA,253,NA,44000,44000,NA,NA,996,2002-02-11T17:00:00Z,NA,3,1,3,1,21,NA
2,45,1,161980,251,NA,253,NA,44000,44000,NA,NA,998,2002-02-19T17:00:00Z,NA,3,1,3,1,21,NA
2,46,1,161980,251,NA,253,NA,44000,44000,NA,NA,996,2002-02-26T17:00:00Z,NA,4,1,3,1,21,NA
2,47,1,161980,251,NA,253,NA,44000,44000,NA,NA,988,2002-03-04T17:00:00Z,NA,3,1,3,1,21,NA
2,48,1,161980,251,NA,253,NA,44000,44000,NA,NA,1000,2002-03-07T17:00:00Z,NA,2,1,3,1,21,NA
2,49,1,161980,251,NA,253,NA,44000,44000,NA,NA,986,2002-03-11T17:00:00Z,NA,2,1,3,1,21,NA
2,50,1,161980,251,NA,253,NA,44000,44000,NA,NA,178,2002-03-19T17:00:00Z,NA,3,1,3,1,21,NA
2,51,1,161980,251,NA,253,NA,46000,46001,NA,NA,4000,2002-01-17T17:00:00Z,NA,3,1,3,1,21,NA
2,52,1,161980,251,NA,253,NA,46000,46001,NA,NA,998,2002-01-22T17:00:00Z,NA,4,1,3,1,21,NA
2,53,1,161980,251,NA,253,NA,46000,46000,NA,NA,1000,2002-01-28T17:00:00Z,NA,3,1,3,1,21,NA
2,54,1,161980,251,NA,253,NA,46000,46001,NA,NA,997,2002-02-05T17:00:00Z,NA,6,1,3,1,21,NA
2,55,1,161980,251,NA,253,NA,46000,46000,NA,NA,998,2002-02-11T17:00:00Z,NA,3,1,3,1,21,NA
2,56,1,161980,251,NA,253,NA,46000,46001,NA,NA,998,2002-02-19T17:00:00Z,NA,2,1,3,1,21,NA
2,57,1,161980,251,NA,253,NA,46000,46001,NA,NA,992,2002-02-26T17:00:00Z,NA,2,1,3,1,21,NA
2,58,1,161980,251,NA,253,NA,46000,46001,NA,NA,998,2002-03-04T17:00:00Z,NA,3,1,3,1,21,NA
2,59,1,161980,251,NA,253,NA,46000,46001,NA,NA,984,2002-03-07T17:00:00Z,NA,3,1,3,1,21,NA
2,60,1,161980,251,NA,253,NA,46000,46000,NA,NA,999,2002-03-11T17:00:00Z,NA,2,1,3,1,21,NA
2,61,1,161980,251,NA,253,NA,46000,46001,NA,NA,766,2002-03-19T17:00:00Z,NA,3,1,3,1,21,NA
2,62,1,161980,251,NA,253,NA,44000,44000,NA,NA,1000,2002-12-30T17:00:00Z,NA,4,1,3,1,21,NA
2,63,1,161980,251,NA,253,NA,44000,44000,NA,NA,692,2003-01-07T17:00:00Z,NA,3,1,3,9,13,NA
2,64,1,161980,251,NA,253,NA,44000,44000,NA,NA,980,2003-01-10T17:00:00Z,NA,2,1,3,5,13,NA
2,65,1,161980,251,NA,253,NA,44000,44000,NA,NA,1178,2003-01-15T17:00:00Z,NA,2,1,3,9,13,NA
2,66,1,161980,251,NA,253,NA,44000,44000,NA,NA,975,2003-01-18T17:00:00Z,NA,2,1,3,1,21,NA
2,67,1,161980,251,NA,253,NA,44000,44000,NA,NA,1020,2003-01-21T17:00:00Z,NA,4,1,3,12,13,NA
2,68,1,161980,251,NA,253,NA,44000,44000,NA,NA,1923,2003-01-23T17:00:00Z,NA,3,1,3,9,13,NA
2,69,1,161980,251,NA,253,NA,44000,44000,NA,NA,1482,2003-01-29T17:00:00Z,NA,2,1,3,14,13,NA
2,70,1,161980,251,NA,253,NA,44000,44000,NA,NA,992,2003-02-04T17:00:00Z,NA,2,1,3,9,13,NA
2,71,1,161980,251,NA,253,NA,44000,44000,NA,NA,1000,2003-02-11T17:00:00Z,NA,2,1,3,1,21,NA
2,72,1,161980,251,NA,253,NA,44000,44000,NA,NA,1084,2003-02-21T17:00:00Z,NA,2,1,3,12,13,NA
2,73,1,161980,251,NA,253,NA,44000,44000,NA,NA,994,2003-02-27T17:00:00Z,NA,3,1,3,1,21,NA
2,74,1,161980,251,NA,253,NA,44000,44000,NA,NA,572,2003-03-08T17:00:00Z,NA,3,1,3,1,21,NA
2,75,1,161980,251,NA,253,NA,46000,46001,NA,NA,995,2002-12-30T17:00:00Z,NA,2,1,3,1,21,NA
2,76,1,161980,251,NA,253,NA,46000,46001,NA,NA,1052,2003-01-09T17:00:00Z,NA,5,1,3,12,13,NA
2,77,1,161980,251,NA,253,NA,46000,46001,NA,NA,922,2003-01-14T17:00:00Z,NA,3,1,3,2,13,NA
2,78,1,161980,251,NA,253,NA,46000,46001,NA,NA,758,2003-01-17T17:00:00Z,NA,3,1,3,14,13,NA
2,79,1,161980,251,NA,253,NA,46000,46001,NA,NA,1000,2003-01-22T17:00:00Z,NA,3,1,3,1,21,NA
2,80,1,161980,251,NA,253,NA,46000,46001,NA,NA,1015,2003-01-25T17:00:00Z,NA,2,1,3,5,13,NA
2,81,1,161980,251,NA,253,NA,46000,46001,NA,NA,1245,2003-01-30T17:00:00Z,NA,2,1,3,5,13,NA
2,82,1,161980,251,NA,253,NA,46000,46001,NA,NA,993,2003-02-05T17:00:00Z,NA,2,1,3,14,13,NA
2,83,1,161980,251,NA,253,NA,46000,46001,NA,NA,486,2003-02-20T17:00:00Z,NA,8,1,3,1,21,NA
2,84,1,161980,251,NA,253,NA,46000,46001,NA,NA,998,2003-03-04T17:00:00Z,NA,5,1,3,1,21,NA
2,85,1,161980,251,NA,253,NA,46000,46001,NA,NA,819,2003-03-11T17:00:00Z,NA,3,1,3,1,21,NA
2,86,1,161980,251,NA,253,NA,44000,44000,NA,NA,693,2003-12-23T17:00:00Z,NA,2,1,3,9,13,NA
2,87,1,161980,251,NA,253,NA,44000,44000,NA,NA,738,2003-12-27T17:00:00Z,NA,3,1,3,5,13,NA
2,88,1,161980,251,NA,253,NA,44000,44000,NA,NA,1074,2004-01-02T17:00:00Z,NA,2,1,3,9,13,NA
2,89,1,161980,251,NA,253,NA,44000,44000,NA,NA,925,2004-01-08T17:00:00Z,NA,3,1,3,12,13,NA
2,90,1,161980,251,NA,253,NA,44000,44000,NA,NA,1012,2004-01-14T17:00:00Z,NA,2,1,3,2,13,NA
2,91,1,161980,251,NA,253,NA,44000,44000,NA,NA,1059,2004-01-23T17:00:00Z,NA,2,1,3,9,13,NA
2,92,1,161980,251,NA,253,NA,44000,44000,NA,NA,982,2004-01-29T17:00:00Z,NA,2,1,3,1,21,NA
2,93,1,161980,251,NA,253,NA,44000,44000,NA,NA,1000,2004-02-01T17:00:00Z,NA,4,1,3,1,21,NA
2,94,1,161980,251,NA,253,NA,44000,44000,NA,NA,999,2004-02-05T17:00:00Z,NA,2,1,3,1,21,NA
2,95,1,161980,251,NA,253,NA,44000,44000,NA,NA,995,2004-02-09T17:00:00Z,NA,3,1,3,1,21,NA
2,96,1,161980,251,NA,253,NA,44000,44000,NA,NA,1291,2004-02-12T17:00:00Z,NA,7,1,3,14,13,NA
2,97,1,161980,251,NA,253,NA,44000,44000,NA,NA,1188,2004-02-16T17:00:00Z,NA,2,1,3,1,21,NA
2,98,1,161980,251,NA,253,NA,44000,44000,NA,NA,1134,2004-02-19T17:00:00Z,NA,2,1,3,1,21,NA
2,99,1,161980,251,NA,253,NA,44000,44000,NA,NA,997,2004-02-23T17:00:00Z,NA,2,1,3,1,21,NA
2,100,1,161980,251,NA,253,NA,44000,44000,NA,NA,1085,2004-02-28T17:00:00Z,NA,4,1,3,9,13,NA
2,101,1,161980,251,NA,253,NA,44000,44000,NA,NA,1601,2004-03-03T17:00:00Z,NA,2,1,3,12,13,NA
2,102,1,161980,251,NA,253,NA,44000,44000,NA,NA,1030,2004-03-06T17:00:00Z,NA,2,1,3,14,13,NA
2,103,1,161980,251,NA,253,NA,44000,44000,NA,NA,1191,2004-03-10T17:00:00Z,NA,2,1,3,1,21,NA
2,104,1,161980,251,NA,253,NA,44000,44000,NA,NA,725,2004-03-15T17:00:00Z,NA,3,1,3,1,21,NA
2,105,1,161980,251,NA,253,NA,44000,44000,NA,NA,850,2004-03-19T17:00:00Z,NA,3,1,3,10,13,NA
2,106,1,161980,251,NA,253,NA,44000,44000,NA,NA,492,2004-03-25T17:00:00Z,NA,2,1,3,14,13,NA
2,107,1,161980,251,NA,253,NA,46000,46001,NA,NA,686,2003-12-30T17:00:00Z,NA,2,1,3,1,21,NA
2,108,1,161980,251,NA,253,NA,46000,46001,NA,NA,540,2004-01-07T17:00:00Z,NA,4,1,3,1,21,NA
2,109,1,161980,251,NA,253,NA,46000,46001,NA,NA,1995,2004-01-12T17:00:00Z,NA,3,1,3,1,21,NA
2,110,1,161980,251,NA,253,NA,46000,46001,NA,NA,1309,2004-01-17T17:00:00Z,NA,3,1,3,1,21,NA
2,111,1,161980,251,NA,253,NA,46000,46001,NA,NA,995,2004-01-24T17:00:00Z,NA,3,1,3,1,21,NA
2,112,1,161980,251,NA,253,NA,46000,46000,NA,NA,1000,2004-01-29T17:00:00Z,NA,3,1,3,1,21,NA
2,113,1,161980,251,NA,253,NA,46000,46001,NA,NA,988,2004-02-02T17:00:00Z,NA,4,1,3,1,21,NA
2,114,1,161980,251,NA,253,NA,46000,46000,NA,NA,991,2004-02-05T17:00:00Z,NA,5,1,3,1,21,NA
2,115,1,161980,251,NA,253,NA,46000,46001,NA,NA,1000,2004-02-09T17:00:00Z,NA,3,1,3,1,21,NA
2,116,1,161980,251,NA,253,NA,46000,46001,NA,NA,992,2004-02-12T17:00:00Z,NA,5,1,3,1,21,NA
2,117,1,161980,251,NA,253,NA,46000,46000,NA,NA,1000,2004-02-16T17:00:00Z,NA,2,1,3,1,21,NA
2,118,1,161980,251,NA,253,NA,46000,46001,NA,NA,997,2004-02-22T17:00:00Z,NA,2,1,3,1,21,NA
2,119,1,161980,251,NA,253,NA,46000,46001,NA,NA,992,2004-03-02T17:00:00Z,NA,3,1,3,1,21,NA
2,120,1,161980,251,NA,253,NA,46000,46001,NA,NA,999,2004-03-08T17:00:00Z,NA,4,1,3,1,21,NA
2,121,1,161980,251,NA,253,NA,46000,46001,NA,NA,1000,2004-03-14T17:00:00Z,NA,2,1,3,1,21,NA
2,122,1,161980,251,NA,253,NA,46000,46001,NA,NA,995,2004-03-24T17:00:00Z,NA,2,1,3,1,21,NA
2,123,1,161980,251,NA,253,NA,46000,46001,NA,NA,1089,2004-03-30T17:00:00Z,NA,3,1,3,1,21,NA
2,124,1,161980,251,NA,253,NA,46000,46000,NA,NA,629,2004-04-17T17:00:00Z,NA,3,1,3,1,21,NA
2,125,1,161980,251,NA,253,NA,44000,44005,NA,NA,998,2004-12-26T17:00:00Z,NA,4,1,3,1,21,NA
2,126,1,161980,251,NA,253,NA,44000,44005,NA,NA,653,2004-12-30T17:00:00Z,NA,4,1,3,5,13,NA
2,127,1,161980,251,NA,253,NA,44000,44005,NA,NA,740,2005-01-06T17:00:00Z,NA,2,1,3,1,21,NA
2,128,1,161980,251,NA,253,NA,44000,44005,NA,NA,1044,2005-01-11T17:00:00Z,NA,2,1,3,9,13,NA
2,129,1,161980,251,NA,253,NA,44000,44005,NA,NA,997,2005-01-20T17:00:00Z,NA,11,1,3,10,13,NA
2,130,1,161980,251,NA,253,NA,44000,44005,NA,NA,993,2005-01-28T17:00:00Z,NA,4,1,3,5,13,NA
2,131,1,161980,251,NA,253,NA,44000,44005,NA,NA,996,2005-02-01T17:00:00Z,NA,2,1,3,8,13,NA
2,132,1,161980,3,NA,2,NA,44000,44015,NA,4,996,2005-02-09T11:30:00Z,4,2,1,3,9,13,NA
2,133,1,161980,3,NA,2,NA,44000,44015,NA,7,998,2005-02-17T12:00:00Z,4,4,1,3,9,13,NA
2,134,1,161980,3,NA,2,NA,44000,44008,NA,4,996,2005-02-24T11:00:00Z,4,4,1,3,9,13,NA
2,135,1,161980,3,NA,2,NA,44000,44014,NA,17,985,2005-03-08T12:00:00Z,4,4,1,1,14,13,NA
2,136,1,161980,3,NA,2,NA,44000,44014,NA,26,936,2005-03-16T12:00:00Z,4,4,1,1,12,13,NA
2,137,1,161980,3,NA,2,NA,44000,44012,NA,26,788,2005-03-25T10:30:00Z,4,3,1,1,5,13,NA
2,138,1,161980,3,NA,2,NA,44000,44013,NA,28,633,2005-04-05T12:00:00Z,4,2,1,3,10,13,NA
2,139,1,161980,3,NA,2,NA,46000,46003,NA,2,770,2004-12-21T10:30:00Z,4,5,1,3,1,21,NA
2,140,1,161980,3,NA,2,NA,46000,46003,NA,7,1328,2004-12-29T13:30:00Z,4,6,1,1,9,13,NA
2,141,1,161980,3,NA,2,NA,46000,46003,NA,5,717,2005-01-04T14:00:00Z,4,7,1,3,1,21,NA
2,142,1,161980,3,NA,2,NA,46000,46003,NA,8,1169,2005-01-11T14:30:00Z,4,6,1,1,9,13,NA
2,143,1,161980,3,NA,2,NA,46000,46003,NA,4,996,2005-01-17T12:00:00Z,4,3,1,3,1,21,NA
2,144,1,161980,3,NA,2,NA,46000,46003,NA,8,999,2005-01-23T17:00:00Z,4,4,1,3,1,21,NA
2,145,1,161980,3,NA,2,NA,46000,46003,NA,4,996,2005-01-28T12:00:00Z,4,4,1,3,1,21,NA
2,146,1,161980,3,NA,2,NA,46000,46003,NA,0,1000,2005-02-02T14:30:00Z,4,4,1,3,1,21,NA
2,147,1,161980,3,NA,2,NA,46000,46003,NA,4,996,2005-02-09T13:00:00Z,4,6,1,3,1,21,NA
2,148,1,161980,3,NA,2,NA,46000,46003,NA,5,995,2005-02-14T13:30:00Z,4,5,1,3,1,21,NA
2,149,1,161980,3,NA,2,NA,46000,46003,NA,18,982,2005-02-18T12:00:00Z,4,6,1,3,1,21,NA
2,150,1,161980,3,NA,2,NA,46000,46003,NA,3,997,2005-02-28T14:37:00Z,4,4,1,3,1,21,NA
2,151,1,161980,3,NA,2,NA,46000,46003,NA,1,999,2005-03-06T13:30:00Z,4,4,1,3,1,21,NA
2,152,1,161980,3,NA,2,NA,46000,46003,NA,0,1000,2005-03-09T12:00:00Z,4,3,1,3,1,21,NA
2,153,1,161980,3,NA,2,NA,46000,46003,NA,2,998,2005-03-15T12:00:00Z,4,6,1,3,1,21,NA
2,154,1,161980,251,NA,253,NA,46000,46003,NA,10,1524,2005-03-20T12:00:00Z,4,4,1,3,1,21,NA
2,155,1,161980,3,NA,2,NA,46000,46003,NA,0,990,2005-03-25T14:45:00Z,4,4,1,3,1,21,NA
2,156,1,161980,3,NA,2,NA,46000,46003,NA,15,1049,2005-04-01T12:30:00Z,4,5,1,3,1,21,NA
2,157,1,161980,3,NA,2,NA,46000,46003,NA,16,257,2005-04-14T14:20:00Z,4,4,1,3,1,21,NA
2,158,1,161980,3,NA,2,NA,46000,46003,NA,NA,403,2005-04-19T12:25:00Z,4,2,1,3,1,21,NA
2,159,1,161980,3,NA,2,NA,46000,46000,NA,0,314,2005-04-23T13:00:00Z,4,3,1,3,1,21,NA
2,160,1,161980,3,NA,2,NA,46000,46003,NA,0,346,2005-05-12T12:00:00Z,4,2,1,3,1,21,NA
2,161,1,161980,3,NA,2,NA,44000,44000,NA,0,466,2005-12-16T17:00:00Z,4,4,1,3,1,21,NA
2,162,1,161980,3,NA,2,NA,44000,44000,NA,10,990,2005-12-20T17:00:00Z,4,2,1,3,1,21,NA
2,163,1,161980,3,NA,2,NA,44000,44000,NA,0,1200,2006-01-19T17:00:00Z,NA,2,1,3,1,21,NA
2,164,1,161980,3,NA,2,NA,44000,44000,NA,1,999,2006-01-22T17:00:00Z,4,3,1,3,1,21,NA
2,165,1,161980,3,NA,2,NA,44000,44000,NA,17,1081,2006-01-30T17:00:00Z,4,2,1,3,1,21,NA
2,166,1,161980,3,NA,2,NA,44000,44000,NA,1,1503,2006-02-02T17:00:00Z,4,3,1,3,1,21,NA
2,167,1,161980,3,NA,2,NA,44000,44000,NA,8,1004,2006-02-06T12:20:00Z,4,3,1,3,1,21,NA
2,168,1,161980,3,NA,2,NA,44000,44000,NA,5,1015,2006-02-09T13:50:00Z,4,3,1,1,10,13,NA
2,169,1,161980,3,NA,2,NA,44000,44000,NA,4,1010,2006-02-15T17:00:00Z,4,4,1,3,1,21,NA
2,170,1,161980,3,NA,2,NA,44000,44000,NA,16,1012,2006-02-22T17:00:00Z,4,3,1,1,10,13,NA
2,171,1,161980,3,NA,2,NA,44000,44000,NA,3,1027,2006-02-25T17:00:00Z,4,2,1,1,2,13,NA
2,172,1,161980,3,NA,2,NA,44000,44000,NA,0,686,2006-03-05T17:00:00Z,4,14,1,1,9,13,NA
2,173,1,161980,3,NA,2,NA,44000,44000,NA,2,1063,2006-03-20T17:00:00Z,4,2,1,3,1,21,NA
2,174,1,161980,3,NA,2,NA,44000,44000,NA,1,594,2006-03-27T17:00:00Z,4,3,1,1,9,13,NA
2,175,1,161980,3,NA,2,NA,46000,46003,NA,11,416,2006-01-08T17:00:00Z,4,2,1,3,1,21,NA
2,176,1,161980,3,NA,2,NA,46000,46000,NA,6,292,2006-01-11T17:00:00Z,4,5,1,3,1,21,NA
2,177,1,161980,3,NA,2,NA,46000,46003,NA,10,941,2006-01-22T17:00:00Z,4,4,1,1,5,13,NA
2,178,1,161980,3,NA,2,NA,46000,46003,NA,8,605,2006-01-26T17:00:00Z,4,6,1,1,10,13,NA
2,179,1,161980,3,NA,2,NA,46000,46003,NA,10,1017,2006-02-01T14:00:00Z,4,2,1,1,8,13,NA
2,180,1,161980,3,NA,2,NA,46000,46003,NA,11,1019,2006-02-06T17:00:00Z,4,2,1,1,5,13,NA
2,181,1,161980,3,NA,2,NA,46000,46003,NA,15,2178,2006-02-09T11:00:00Z,4,3,1,3,1,21,NA
2,182,1,161980,3,NA,2,NA,46000,46003,NA,17,1175,2006-02-18T17:00:00Z,4,2,1,1,5,13,NA
2,183,1,161980,3,NA,2,NA,46000,46003,NA,12,1339,2006-02-25T17:00:00Z,4,3,1,3,1,21,NA
2,184,1,161980,3,NA,2,NA,43000,43000,NA,3,997,2006-12-22T17:00:00Z,NA,4,1,3,1,21,NA
2,185,1,161980,3,NA,2,NA,43000,43000,NA,1,989,2006-12-26T17:00:00Z,4,4,1,3,1,21,NA
2,186,1,161980,3,NA,2,NA,43000,43000,NA,4,996,2006-12-31T11:40:00Z,4,6,1,3,1,21,NA
2,187,1,161980,3,NA,2,NA,43000,43000,NA,0,1000,2007-01-07T10:45:00Z,4,4,1,3,1,21,NA
2,188,1,161980,3,NA,2,NA,43000,43000,NA,2,998,2007-01-12T17:00:00Z,4,5,1,3,1,21,NA
2,189,1,161980,3,NA,2,NA,43000,43000,NA,2,998,2007-01-21T17:00:00Z,4,2,1,3,1,21,NA
2,190,1,161980,3,NA,2,NA,43000,43000,NA,5,955,2007-01-28T17:00:00Z,4,5,1,3,1,21,NA
2,191,1,161980,3,NA,2,NA,43000,43000,NA,2,998,2007-02-03T11:40:00Z,NA,4,1,3,1,21,NA
2,192,1,161980,3,NA,2,NA,43000,43000,NA,6,994,2007-02-10T17:00:00Z,3,2,1,3,1,21,NA
2,193,1,161980,3,NA,2,NA,43000,43000,NA,4,996,2007-02-17T17:00:00Z,NA,4,1,3,1,21,NA
2,194,1,161980,3,NA,2,NA,43000,43000,NA,12,1114,2007-03-01T17:00:00Z,4,3,1,3,1,21,NA
2,195,1,161980,3,NA,253,NA,43000,43000,NA,7,993,2007-03-04T17:00:00Z,4,2,1,3,1,21,NA
2,196,1,161980,3,NA,2,NA,43000,43000,NA,9,991,2007-03-11T17:00:00Z,4,4,1,3,1,21,NA
2,197,1,161980,3,NA,2,NA,43000,43000,NA,5,1095,2007-03-15T17:00:00Z,4,2,1,3,1,21,NA
2,198,1,161980,3,NA,2,NA,43000,43000,NA,12,988,2007-03-19T17:00:00Z,4,5,1,3,1,21,NA
2,199,1,161980,3,NA,2,NA,43000,43000,NA,7,993,2007-03-27T17:00:00Z,4,3,1,3,1,21,NA
2,200,1,161980,3,NA,2,NA,43000,43000,NA,8,992,2007-04-04T15:00:00Z,3,3,1,3,1,21,NA
2,201,1,161980,3,NA,2,NA,47000,47000,NA,19,981,2007-03-13T17:00:00Z,4,2,1,3,1,21,NA
2,202,1,161980,3,NA,2,NA,47000,47000,NA,218,782,2007-04-01T17:00:00Z,4,2,1,3,1,21,NA
2,203,1,161980,3,NA,2,NA,43000,43000,NA,20,1021,2007-12-06T13:50:00Z,4,5,1,1,12,21,NA
2,204,1,161980,3,NA,2,NA,43000,43000,NA,20,955,2007-12-10T16:27:00Z,NA,4,1,1,5,13,NA
2,205,1,161980,3,NA,2,NA,43000,43000,NA,36,1016,2007-12-12T10:00:00Z,4,3,1,1,2,13,NA
2,206,1,161980,3,NA,2,NA,43000,43000,NA,41,1032,2007-12-13T17:00:00Z,4,3,1,1,10,13,NA
2,207,1,161980,3,NA,2,NA,43000,43000,NA,46,752,2007-12-18T17:00:00Z,4,3,1,1,12,13,NA
2,208,1,161980,3,NA,2,NA,43000,43000,NA,17,767,2007-12-19T17:00:00Z,4,2,1,1,2,13,NA
2,209,1,161980,3,NA,2,NA,43000,43000,NA,14,745,2007-12-20T11:10:00Z,4,2,1,1,5,13,NA
2,210,1,161980,3,NA,2,NA,43000,43000,NA,3,997,2007-12-27T13:40:00Z,4,3,1,3,1,21,NA
2,211,1,161980,3,NA,2,NA,43000,43000,NA,9,991,2008-01-03T10:15:00Z,4,2,1,3,1,21,NA
2,212,1,161980,3,NA,2,NA,43000,43000,NA,7,993,2008-01-08T10:00:00Z,4,3,1,1,5,13,NA
2,213,1,161980,3,NA,2,NA,43000,43000,NA,11,1033,2008-01-10T09:00:00Z,4,4,1,1,11,13,NA
2,214,1,161980,3,NA,2,NA,43000,43000,NA,3,997,2008-01-15T14:00:00Z,4,3,1,1,14,13,NA
2,215,1,161980,3,NA,2,NA,43000,43000,NA,7,953,2008-01-17T10:30:00Z,4,4,1,1,5,13,NA
2,216,1,161980,3,NA,2,NA,43000,43000,NA,6,865,2008-01-23T17:00:00Z,4,4,2,1,12,13,NA
2,217,1,161980,3,NA,2,NA,43000,43000,NA,0,1021,2008-01-26T15:30:00Z,4,2,1,1,2,13,NA
2,218,1,161980,251,NA,253,NA,43000,43000,NA,NA,983,2008-01-29T17:00:00Z,NA,2,1,3,10,251,NA
2,219,1,161980,3,NA,2,NA,43000,43000,NA,1,920,2008-01-31T17:00:00Z,4,2,1,1,5,13,NA
2,220,1,161980,3,NA,2,NA,43000,43000,NA,3,922,2008-02-05T17:00:00Z,4,3,1,1,10,13,NA
2,221,1,161980,3,NA,2,NA,43000,43000,NA,1,1008,2008-02-07T10:30:00Z,4,1,1,1,12,13,NA
2,222,1,161980,3,NA,2,NA,43000,43000,NA,7,907,2008-02-13T12:30:00Z,4,2,1,1,14,13,NA
2,223,1,161980,3,NA,2,NA,43000,43000,NA,1,949,2008-02-15T15:45:00Z,4,3,1,1,12,13,NA
2,224,1,161980,3,NA,2,NA,43000,43000,NA,13,986,2008-02-20T17:00:00Z,4,3,1,1,5,13,NA
2,225,1,161980,3,NA,2,NA,43000,43000,NA,6,748,2008-02-21T10:15:00Z,4,7,1,1,14,13,NA
2,226,1,161980,251,NA,253,NA,43000,43000,NA,0,909,2008-02-26T10:00:00Z,4,4,1,1,12,13,NA
2,227,1,161980,3,NA,2,NA,43000,43000,NA,3,997,2008-02-28T15:25:00Z,4,13,1,1,14,13,NA
2,228,1,161980,3,NA,2,NA,43000,43000,NA,3,983,2008-03-04T11:00:00Z,NA,6,1,1,5,13,NA
2,229,1,161980,251,NA,253,NA,43000,43000,NA,5,997,2008-03-06T12:30:00Z,4,15,1,1,14,13,NA
2,230,1,161980,3,NA,2,NA,43000,43000,NA,9,989,2008-03-10T10:40:00Z,4,18,1,1,12,13,NA
2,231,1,161980,3,NA,2,NA,43000,43000,NA,3,1019,2008-03-13T10:30:00Z,4,4,1,1,5,13,NA
2,232,1,161980,3,NA,2,NA,43000,43000,NA,1,990,2008-03-19T17:00:00Z,4,6,1,1,9,13,NA
2,233,1,161980,3,NA,2,NA,43000,43000,NA,1,998,2008-03-25T09:45:00Z,4,3,1,1,2,13,NA
2,234,1,161980,3,NA,2,NA,43000,43000,NA,10,1043,2008-03-27T10:00:00Z,4,5,1,1,5,13,NA
2,235,1,161980,3,NA,2,NA,43000,43000,NA,9,520,2008-04-03T13:10:00Z,4,4,1,1,9,13,NA
2,236,1,161980,3,NA,2,NA,43000,43000,NA,9,936,2008-04-08T11:15:00Z,4,7,1,1,5,13,NA
2,237,1,161980,3,NA,2,NA,43000,43000,NA,42,956,2008-04-10T17:00:00Z,4,3,1,1,14,13,NA
2,238,1,161980,3,NA,2,NA,46000,46000,NA,10,990,2008-01-28T15:00:00Z,4,2,1,3,1,21,NA
2,239,1,161980,3,NA,2,NA,46000,46000,NA,0,1000,2008-01-31T13:00:00Z,4,3,1,3,1,21,NA
2,240,1,161980,3,NA,2,NA,46000,46000,NA,0,1000,2008-02-04T17:00:00Z,4,4,1,3,1,21,NA
2,241,1,161980,3,NA,2,NA,46000,46000,NA,1,1206,2008-02-08T17:00:00Z,4,3,1,3,1,21,NA
2,242,1,161980,3,NA,2,NA,46000,46000,NA,1,999,2008-02-13T16:30:00Z,4,4,1,3,1,21,NA
2,243,1,161980,3,NA,2,NA,46000,46000,NA,4,996,2008-02-17T13:30:00Z,4,3,1,3,1,21,NA
2,244,1,161980,3,NA,2,NA,46000,46000,NA,2,1058,2008-02-20T13:45:00Z,4,3,1,3,1,21,NA
2,245,1,161980,3,NA,2,NA,46000,46000,NA,4,996,2008-02-24T12:30:00Z,4,2,1,3,1,21,NA
2,246,1,161980,3,NA,2,NA,46000,46000,NA,5,984,2008-02-27T12:00:00Z,4,3,1,3,1,21,NA
2,247,1,161980,3,NA,2,NA,46000,46000,NA,5,1053,2008-03-02T12:00:00Z,4,2,1,3,1,21,NA
2,248,1,161980,3,NA,2,NA,46000,46000,NA,3,1086,2008-03-05T12:45:00Z,4,3,1,3,1,21,NA
2,249,1,161980,3,NA,2,NA,46000,46000,NA,18,1001,2008-03-09T14:00:00Z,4,3,1,3,1,21,NA
2,250,1,161980,3,NA,2,NA,46000,46000,NA,10,1183,2008-03-12T16:00:00Z,4,3,1,3,1,21,NA
2,251,1,161980,3,NA,2,NA,46000,46000,NA,11,991,2008-03-16T13:30:00Z,4,2,1,3,1,21,NA
2,252,1,161980,3,NA,2,NA,46000,46000,NA,3,997,2008-03-20T17:20:00Z,4,4,1,3,1,21,NA
2,253,1,161980,3,NA,2,NA,46000,46000,NA,0,1000,2008-03-24T15:30:00Z,4,3,1,3,1,21,NA
2,254,1,161980,3,NA,2,NA,46000,46000,NA,1,1073,2008-03-27T15:30:00Z,4,4,1,3,1,21,NA
2,255,252,252,251,251,253,252,252,NA,NA,NA,0,2000-01-01T00:00:00Z,NA,0,2,NA,NA,NA,NA
2,256,1,161980,251,NA,2,NA,43000,43000,NA,5,995,2008-12-15T17:00:00Z,251,3,1,3,1,21,NA
2,257,1,161980,251,NA,2,NA,43000,43000,NA,4,1056,2008-12-22T11:45:00Z,4,2,1,3,1,21,NA
2,258,1,161980,3,NA,2,NA,43000,43000,NA,7,1008,2008-12-30T12:17:00Z,4,2,1,3,1,21,NA
2,259,1,161980,3,NA,2,NA,43000,43000,NA,2,998,2009-01-05T12:30:00Z,4,4,1,3,1,21,NA
2,260,1,161980,251,NA,253,NA,43000,43000,NA,0,1000,2009-01-12T12:00:00Z,4,3,1,3,1,21,NA
2,261,1,161980,3,NA,2,NA,43000,43000,NA,5,1032,2009-01-21T14:05:00Z,4,4,1,1,14,13,NA
2,262,1,161980,3,NA,2,NA,43000,43000,NA,2,1002,2009-01-27T09:30:00Z,4,10,1,1,9,13,NA
2,263,1,161980,3,NA,2,NA,43000,43000,NA,5,995,2009-02-03T15:15:00Z,4,4,1,3,1,21,NA
2,264,1,161980,251,NA,253,NA,43000,43000,NA,0,1000,2009-02-09T12:00:00Z,4,5,1,3,1,21,NA
2,265,1,161980,3,NA,2,NA,43000,43000,NA,4,996,2009-02-18T13:05:00Z,4,8,1,3,1,21,NA
2,266,1,161980,3,NA,2,NA,43000,43000,NA,3,997,2009-02-26T11:00:00Z,4,3,1,3,1,21,NA
2,267,1,161980,3,NA,2,NA,43000,43000,NA,7,993,2009-03-03T11:25:00Z,4,2,1,3,1,21,NA
2,268,1,161980,3,NA,2,NA,43000,43000,NA,0,1000,2009-03-12T15:50:00Z,4,4,1,3,1,21,NA
2,269,1,161980,251,NA,253,NA,47000,47000,NA,NA,515,2009-01-28T17:00:00Z,NA,3,1,3,12,251,NA
2,270,1,161980,251,NA,253,NA,47000,47000,NA,NA,506,2009-02-04T17:00:00Z,NA,2,1,3,10,251,NA
2,271,1,161980,251,NA,253,NA,47000,47000,NA,NA,520,2009-02-10T17:00:00Z,NA,2,1,3,5,251,NA
2,272,1,161980,251,NA,253,NA,47000,47000,NA,NA,507,2009-02-19T17:00:00Z,NA,2,1,3,5,251,NA
2,273,1,161980,251,NA,253,NA,47000,47000,NA,4,518,2009-02-25T12:00:00Z,NA,7,1,1,9,13,NA
2,274,1,161980,251,NA,2,NA,47000,47000,NA,4,599,2009-03-04T12:10:00Z,4,4,1,1,5,13,NA
2,275,1,161980,251,NA,253,NA,47000,47000,NA,12,688,2009-03-11T09:45:00Z,4,5,1,1,9,13,NA
2,276,1,161980,251,NA,2,NA,47000,47000,NA,9,271,2009-03-19T11:30:00Z,4,3,1,1,10,13,NA
2,277,1,161980,251,NA,2,NA,47000,47002,NA,5,303,2009-03-24T14:45:00Z,4,2,1,1,12,13,NA
2,278,1,161980,251,NA,253,NA,43000,43000,NA,NA,998,2009-12-15T17:00:00Z,NA,4,1,3,1,21,NA
2,279,1,161980,251,NA,253,NA,43000,43000,NA,NA,999,2009-12-29T17:00:00Z,NA,3,1,3,1,21,NA
2,280,1,161980,251,NA,253,NA,43000,43000,NA,NA,493,2009-12-31T17:00:00Z,NA,7,1,1,14,13,NA
2,281,1,161980,251,NA,253,NA,43000,43000,NA,NA,999,2010-01-04T17:00:00Z,NA,4,1,3,1,21,NA
2,282,1,161980,251,NA,253,NA,43000,43000,NA,NA,996,2010-01-11T17:00:00Z,NA,4,1,3,1,21,NA
2,283,1,161980,251,NA,253,NA,43000,43000,NA,NA,990,2010-01-15T17:00:00Z,NA,3,1,3,1,21,NA
2,284,1,161980,251,NA,253,NA,43000,43000,NA,NA,825,2010-01-18T17:00:00Z,NA,3,1,3,1,21,NA
2,285,1,161980,251,NA,253,NA,43000,43000,NA,NA,1000,2010-01-22T17:00:00Z,NA,3,1,3,1,21,NA
2,286,1,161980,251,NA,253,NA,43000,43000,NA,0,681,2010-01-25T17:00:00Z,NA,4,1,3,1,21,NA
2,287,1,161980,251,NA,253,NA,43000,43000,NA,NA,1000,2010-01-29T17:00:00Z,NA,2,1,3,1,21,NA
2,288,1,161980,251,NA,253,NA,43000,43000,NA,NA,996,2010-02-01T17:00:00Z,NA,3,1,3,1,21,NA
2,289,1,161980,251,NA,253,NA,43000,43000,NA,NA,1000,2010-02-05T17:00:00Z,NA,3,1,3,1,21,NA
2,290,1,161980,251,NA,253,NA,43000,43000,NA,NA,983,2010-02-08T17:00:00Z,NA,3,1,3,1,21,NA
2,291,1,161980,251,NA,253,NA,43000,43000,NA,NA,999,2010-02-13T17:00:00Z,NA,3,1,3,1,21,NA
2,292,1,161980,251,NA,253,NA,43000,43000,NA,NA,995,2010-02-16T17:00:00Z,NA,3,1,3,1,21,NA
2,293,1,161980,251,NA,253,NA,43000,43000,NA,NA,1000,2010-02-20T17:00:00Z,NA,2,1,3,1,21,NA
2,294,1,161980,251,NA,253,NA,43000,43000,NA,NA,522,2010-02-22T17:00:00Z,NA,2,1,1,5,13,NA
2,295,1,161980,251,NA,253,NA,43000,43000,NA,NA,522,2010-02-24T17:00:00Z,NA,2,1,1,9,13,NA
2,296,1,161980,251,NA,253,NA,43000,43000,NA,NA,505,2010-03-01T17:00:00Z,NA,3,1,1,12,13,NA
2,297,1,161980,251,NA,253,NA,43000,43000,NA,NA,499,2010-03-03T17:00:00Z,NA,3,1,1,10,13,NA
2,298,1,161980,251,NA,253,NA,43000,43000,NA,NA,510,2010-03-08T17:00:00Z,NA,2,1,1,5,13,NA
2,299,1,161980,251,NA,253,NA,43000,43000,NA,NA,504,2010-03-10T17:00:00Z,NA,2,1,1,14,13,NA
2,300,1,161980,251,NA,253,NA,43000,43000,NA,NA,499,2010-03-15T17:00:00Z,NA,3,1,1,5,13,NA
2,301,1,161980,251,NA,253,NA,43000,43000,NA,NA,500,2010-03-17T17:00:00Z,NA,3,1,1,10,13,NA
2,302,1,161980,251,NA,253,NA,43000,43000,NA,NA,498,2010-03-22T17:00:00Z,NA,2,1,1,12,13,NA
2,303,1,161980,251,NA,253,NA,43000,43000,NA,NA,100,2010-03-25T17:00:00Z,NA,3,1,1,14,13,NA
2,304,1,161980,251,NA,253,NA,43000,43000,NA,NA,100,2010-03-29T17:00:00Z,NA,15,1,1,5,13,NA
2,305,1,161980,251,NA,253,NA,43000,43000,NA,NA,178,2010-04-07T17:00:00Z,NA,5,1,1,10,13,NA
2,306,1,161980,251,NA,253,NA,43000,43000,NA,NA,157,2010-04-13T17:00:00Z,NA,5,1,1,12,13,NA
2,307,1,161980,251,NA,253,NA,43000,43000,NA,NA,107,2010-04-19T17:00:00Z,NA,2,1,1,10,13,NA
2,308,1,161980,251,NA,253,NA,47000,47000,NA,NA,317,2010-01-14T17:00:00Z,NA,2,1,3,5,13,NA
2,309,1,161980,251,NA,253,NA,47000,47000,NA,NA,508,2010-01-21T17:00:00Z,NA,2,1,3,9,13,NA
2,310,1,161980,251,NA,253,NA,47000,47000,NA,NA,796,2010-01-29T17:00:00Z,NA,2,1,3,5,13,NA
2,311,1,161980,251,NA,253,NA,47000,47000,NA,NA,618,2010-02-03T17:00:00Z,NA,2,1,3,10,13,NA
2,312,1,161980,251,NA,253,NA,47000,47000,NA,NA,600,2010-02-05T17:00:00Z,NA,4,1,3,9,13,NA
2,313,1,161980,251,NA,253,NA,47000,47000,NA,NA,662,2010-02-11T17:00:00Z,NA,15,1,3,5,13,NA
2,314,1,161980,251,NA,253,NA,47000,47000,NA,NA,987,2010-02-17T17:00:00Z,NA,3,1,3,10,13,NA
2,315,1,161980,251,NA,253,NA,47000,47000,NA,NA,584,2010-02-21T17:00:00Z,NA,3,1,3,14,13,NA
2,316,1,161980,251,NA,253,NA,47000,47000,NA,NA,1000,2010-02-25T17:00:00Z,NA,2,1,3,1,21,NA
2,317,1,161980,251,NA,253,NA,47000,47000,NA,NA,998,2010-03-01T17:00:00Z,NA,3,1,3,1,21,NA
2,318,1,161980,251,NA,253,NA,47000,47000,NA,NA,998,2010-03-04T17:00:00Z,NA,3,1,3,1,21,NA
2,319,1,161980,251,NA,253,NA,47000,47000,NA,NA,996,2010-03-08T17:00:00Z,NA,4,1,3,1,21,NA
2,320,1,161980,251,NA,253,NA,47000,47000,NA,1,999,2010-03-11T10:45:00Z,NA,3,1,3,1,21,NA
2,321,1,161980,251,NA,253,NA,47000,47000,NA,NA,996,2010-03-15T11:15:00Z,NA,4,1,3,1,21,NA
2,322,1,161980,251,NA,253,NA,47000,47000,NA,5,995,2010-03-18T12:30:00Z,NA,3,1,3,1,21,NA
2,323,1,161980,251,NA,253,NA,47000,47000,NA,NA,495,2010-03-22T17:00:00Z,NA,3,1,3,1,21,NA
2,324,1,161980,251,NA,253,NA,47000,47000,NA,NA,648,2010-03-29T17:00:00Z,NA,2,1,3,1,21,NA
2,325,1,161980,251,NA,2,NA,47000,47000,NA,NA,243,2010-04-08T17:00:00Z,NA,3,1,3,1,21,NA
2,326,1,161980,3,NA,2,NA,46000,46000,NA,1,261,2008-04-08T16:10:00Z,4,5,1,3,1,21,NA
2,327,1,161980,3,251,2,2000,43000,43000,NA,15,1093,2011-12-05T11:30:00Z,4,7,1,3,1,21,NA
2,328,1,161980,3,251,2,2000,43000,43000,NA,6,211,2011-12-13T11:45:00Z,4,7,1,1,14,13,NA
2,329,1,161980,3,251,2,2000,43000,43000,NA,2,318,2011-12-20T13:30:00Z,4,7,1,1,14,13,NA
2,330,1,161980,3,251,2,2000,43000,43000,NA,1,309,2011-12-27T12:45:00Z,4,7,1,1,14,13,NA
2,331,1,161980,3,251,2,2000,43000,43000,NA,0,300,2012-01-04T10:00:00Z,4,5,1,1,14,13,NA
2,332,1,161980,3,251,2,2000,43000,43000,NA,1,309,2012-01-05T10:00:00Z,4,7,1,1,5,13,NA
2,333,1,161980,3,251,2,2000,43000,43000,NA,1,299,2012-01-06T13:30:00Z,4,7,1,1,12,13,NA
2,334,1,161980,3,251,2,2000,43000,43000,NA,0,300,2012-01-10T10:30:00Z,4,7,1,1,14,13,NA
2,335,1,161980,3,251,2,2000,43000,43000,NA,4,296,2012-01-12T09:30:00Z,4,6,1,1,5,13,NA
2,336,1,161980,3,251,2,2000,43000,43000,NA,1,299,2012-01-17T10:30:00Z,4,7,1,1,14,13,NA
2,337,1,161980,3,251,2,2000,43000,43000,NA,12,288,2012-01-18T12:00:00Z,4,7,1,1,5,13,NA
2,339,1,161980,3,251,2,2000,43000,43000,NA,0,300,2012-01-19T10:20:00Z,4,7,1,1,12,13,NA
2,340,1,161980,3,251,2,2000,43000,43000,NA,2,298,2012-01-24T10:30:00Z,4,7,1,1,14,13,NA
2,341,1,161980,3,251,2,2000,43000,43000,NA,7,193,2011-12-07T11:45:00Z,4,7,2,1,5,13,NA
2,342,1,161980,3,251,2,2000,43000,43000,NA,0,320,2011-12-14T13:00:00Z,4,7,2,1,5,13,NA
2,343,1,161980,3,251,2,2000,43000,43000,NA,3,317,2011-12-28T14:21:00Z,4,7,2,1,5,13,NA
2,344,1,161980,3,251,2,2000,43000,43000,NA,2,298,2012-01-25T12:00:00Z,4,7,1,1,5,13,NA
2,345,1,161980,3,251,2,2000,43000,43000,NA,7,293,2012-01-26T15:26:00Z,4,7,1,1,12,13,NA
2,346,1,161980,3,251,2,2000,43000,43000,NA,1,299,2012-01-31T12:15:00Z,4,7,1,1,14,13,NA
2,347,1,161980,3,251,2,2000,43000,43000,NA,0,150,2012-02-08T10:15:00Z,4,7,1,1,5,13,NA
2,348,1,161980,3,251,2,2000,43000,43000,NA,1,149,2012-02-08T10:15:00Z,4,7,1,1,8,13,NA
2,349,1,161980,3,251,2,2000,43000,43000,NA,2,298,2012-02-09T12:15:00Z,4,7,1,1,12,13,NA
2,350,1,161980,3,251,2,2000,43000,43000,NA,9,301,2012-02-14T12:15:00Z,4,7,1,1,14,13,NA
2,351,1,161980,3,251,2,2000,43000,43000,NA,7,143,2012-02-15T12:08:00Z,4,7,1,1,5,13,NA
2,352,1,161980,3,251,2,2000,43000,43000,NA,2,148,2012-02-15T12:08:00Z,4,10,1,1,8,13,NA
2,353,1,161980,3,251,2,2000,43000,43000,NA,8,226,2012-02-16T11:00:00Z,4,7,1,1,12,13,NA
2,354,1,161980,3,251,2,2000,43000,43000,NA,5,295,2012-02-22T10:25:00Z,4,7,1,1,5,13,NA
2,355,1,161980,3,251,2,2000,43000,43000,NA,2,248,2012-03-08T10:00:00Z,4,7,1,1,12,13,NA
2,356,1,161980,3,251,2,2000,43000,43000,NA,4,246,2012-03-13T12:00:00Z,4,7,1,1,14,13,NA
2,357,1,161980,3,251,2,2000,43000,43000,NA,9,291,2012-02-23T11:02:00Z,4,7,1,1,12,13,NA
2,358,1,161980,3,251,2,2000,43000,43000,NA,5,295,2012-02-28T15:00:00Z,4,7,1,1,14,13,NA
2,359,1,161980,3,251,2,2000,43000,43000,NA,0,300,2012-02-29T10:45:00Z,4,7,1,1,5,13,NA
2,360,1,161980,3,251,2,2000,43000,43000,NA,2,298,2012-03-01T10:45:00Z,4,7,1,1,12,13,NA
2,361,1,161980,3,251,2,2000,43000,43000,NA,6,294,2012-03-06T10:35:00Z,4,7,1,1,14,13,NA
2,362,1,161980,3,251,2,2000,43000,43000,NA,0,243,2012-03-07T13:55:00Z,4,7,1,1,5,13,NA
2,363,1,161980,3,251,2,2000,43000,43000,NA,2,148,2011-12-21T15:30:00Z,4,7,2,1,10,13,NA
2,364,1,161980,3,251,2,2000,43000,43000,NA,0,150,2012-02-01T10:00:00Z,4,7,1,1,5,13,NA
2,365,1,161980,3,251,2,2000,43000,43000,NA,2,148,2012-02-01T10:00:00Z,4,7,1,1,8,13,NA
2,366,1,161980,3,251,2,2000,43000,43000,NA,2,298,2012-02-02T15:30:00Z,4,7,1,1,12,13,NA
2,367,1,161980,3,251,2,2000,43000,43000,NA,1,299,2012-02-07T10:30:00Z,4,7,1,1,14,13,NA
2,368,1,161980,3,251,2,2000,43000,43000,NA,1,39,2011-12-21T15:30:00Z,4,7,2,1,5,13,NA
2,369,1,161980,3,251,2,2000,46000,46000,NA,0,195,2011-12-07T13:15:00Z,4,7,1,1,2,13,NA
2,370,1,161980,3,251,2,2000,46000,46000,NA,5,1017,2011-12-13T13:00:00Z,4,7,1,3,1,21,NA
2,371,1,161980,3,251,2,2000,46000,46000,NA,8,992,2011-12-20T14:00:00Z,4,7,1,3,1,21,NA
2,372,1,161980,3,251,2,2000,46000,46000,NA,5,995,2011-12-27T14:00:00Z,4,2,2,3,1,21,NA
2,373,1,161980,3,251,2,2000,46000,46000,NA,5,1695,2012-01-04T13:45:00Z,4,4,1,3,1,21,NA
2,374,1,161980,3,251,2,2000,46000,46000,NA,4,496,2012-01-05T13:00:00Z,4,7,2,1,2,13,NA
2,375,1,161980,3,251,2,2000,46000,46000,NA,5,995,2012-01-10T23:15:00Z,4,6,1,3,1,21,NA
2,376,1,161980,3,251,2,2000,46000,46000,NA,6,511,2012-01-12T23:00:00Z,4,5,1,1,2,13,NA
2,377,1,161980,3,251,2,2000,46000,46000,NA,6,1994,2012-01-17T12:00:00Z,4,7,1,3,1,21,NA
2,378,1,161980,3,251,2,2000,46000,46000,NA,2,498,2012-01-18T14:00:00Z,4,7,1,1,2,13,NA
2,379,1,161980,3,251,2,2000,46000,46000,NA,2,1998,2012-01-24T10:30:00Z,4,7,1,3,1,21,NA
2,380,1,161980,3,251,2,2000,46000,46000,NA,0,500,2012-01-26T12:00:00Z,4,7,1,1,2,13,NA
2,381,1,161980,3,251,2,2000,46000,46000,NA,2,1998,2012-01-31T12:00:00Z,4,7,1,3,1,21,NA
2,382,1,161980,3,251,2,2000,46000,46000,NA,10,490,2012-02-02T15:00:00Z,4,7,1,1,2,13,NA
2,383,1,161980,3,251,2,2000,46000,46000,NA,5,1995,2012-02-07T00:00:00Z,4,7,1,3,1,21,NA
2,384,1,161980,3,251,2,2000,46000,46001,NA,8,492,2012-02-09T10:00:00Z,4,7,1,1,2,13,NA
2,385,1,161980,3,251,2,2000,46000,46001,NA,13,654,2012-02-14T11:00:00Z,4,7,1,3,1,21,NA
2,386,1,161980,3,251,2,2000,46000,46001,NA,0,432,2012-02-16T14:00:00Z,4,7,1,1,2,13,NA
2,387,1,161980,3,251,2,2000,46000,46000,NA,3,1155,2012-02-22T12:00:00Z,4,5,1,3,1,21,NA
2,388,1,161980,3,251,2,2000,46000,46000,NA,7,614,2012-02-28T12:20:00Z,4,7,1,3,1,21,NA
2,389,1,161980,3,251,2,2000,46000,46000,NA,0,400,2012-03-01T12:00:00Z,4,7,1,1,2,13,NA
2,390,1,161980,3,251,2,2000,46000,46000,NA,4,496,2012-03-06T13:00:00Z,4,7,1,3,1,21,NA
2,391,1,161980,3,251,2,2000,46000,46000,NA,6,454,2012-03-08T12:35:00Z,4,7,1,1,2,13,NA
2,392,1,161980,3,251,2,2000,46000,46000,NA,7,488,2012-03-15T12:00:00Z,4,7,1,3,1,21,NA
2,393,1,161980,3,251,2,2000,46000,46000,NA,27,453,2012-03-22T12:00:00Z,4,7,1,3,1,21,NA
2,394,1,161980,3,251,2,2000,46000,46000,NA,4,556,2012-03-29T14:30:00Z,4,7,1,3,1,21,NA
2,395,1,161980,3,251,2,2000,46000,46000,NA,0,123,2012-04-04T14:00:00Z,4,7,1,1,14,13,NA
2,402,1,161980,3,251,2,NA,51000,51002,NA,26,504,2012-12-28T10:10:00Z,4,7,2,1,9,13,NA
2,403,1,161980,3,251,2,NA,51000,51002,NA,6,517,2013-01-03T11:47:00Z,4,7,2,1,2,13,NA
2,404,1,161980,3,251,2,NA,51000,51001,NA,1,499,2013-01-08T11:35:00Z,4,7,2,1,8,13,NA
2,405,1,161980,3,251,2,NA,51000,51001,NA,7,587,2013-01-09T10:10:00Z,4,7,2,1,11,13,NA
2,406,1,161980,3,251,2,NA,51000,51002,NA,3,517,2013-01-10T09:42:00Z,4,7,2,1,14,13,NA
2,407,1,161980,3,251,2,NA,51000,51002,NA,3,497,2013-01-15T10:45:00Z,0,7,2,1,5,13,NA
2,408,1,161980,3,251,2,NA,51000,51002,NA,9,516,2013-01-17T13:30:00Z,0,7,1,1,11,13,NA
2,409,1,161980,3,251,2,NA,51000,51002,NA,4,496,2013-01-22T10:30:00Z,0,7,1,1,14,13,NA
2,410,1,161980,3,251,2,NA,51000,51002,NA,1,539,2013-01-23T10:28:00Z,4,6,1,1,5,13,NA
2,411,1,161980,3,251,2,NA,51000,51002,NA,7,493,2013-01-24T10:50:00Z,4,7,1,1,9,13,NA
2,412,1,161980,3,251,2,NA,51000,51001,NA,5,494,2013-02-01T15:55:00Z,4,7,1,1,5,13,NA
2,413,1,161980,3,251,2,NA,51000,51001,NA,17,480,2013-02-04T15:45:00Z,4,8,1,1,9,13,NA
2,414,1,161980,3,251,2,NA,51000,51002,NA,3,479,2013-02-06T13:20:00Z,4,7,1,1,14,13,NA
2,415,1,161980,3,251,2,NA,51000,51001,NA,13,543,2013-02-12T10:05:00Z,4,7,1,1,5,13,NA
2,416,1,161980,3,251,2,NA,51000,51001,NA,6,499,2013-02-13T13:10:00Z,4,7,1,1,9,13,NA
2,417,1,161980,3,251,2,NA,51000,51002,NA,3,497,2013-02-15T11:15:00Z,4,7,1,1,11,13,NA
2,418,1,161980,3,251,2,NA,51000,51001,NA,3,520,2013-02-19T12:00:00Z,4,7,1,1,14,13,NA
2,419,1,161980,3,251,2,NA,51000,51001,NA,15,495,2013-02-20T10:45:00Z,4,7,1,1,5,13,NA
2,420,1,161980,3,251,2,NA,51000,51002,NA,9,503,2013-02-21T15:15:00Z,4,7,1,1,9,13,NA
2,421,1,161980,3,251,2,NA,51000,51002,NA,8,480,2013-02-27T12:48:00Z,4,6,1,1,11,13,NA
2,422,1,161980,3,251,2,NA,51000,51001,NA,16,483,2013-02-28T15:15:00Z,4,7,1,1,5,13,NA
2,423,1,161980,3,251,2,NA,51000,51002,NA,2,490,2013-03-05T11:53:00Z,4,7,1,1,9,13,NA
2,424,1,161980,3,251,2,NA,51000,51001,NA,1,359,2013-03-06T12:00:00Z,4,7,1,1,11,13,NA
2,425,1,161980,3,251,2,NA,51000,51001,NA,26,314,2013-03-07T10:15:00Z,4,7,1,1,14,13,NA
2,426,1,161980,3,251,2,NA,51000,51002,NA,0,49,2013-03-12T10:48:00Z,4,7,1,1,5,13,NA
2,427,1,161980,3,251,2,NA,51000,51001,NA,2,98,2013-03-15T10:50:00Z,4,4,1,1,11,13,NA
2,428,1,161980,3,251,2,NA,51000,51001,NA,2,203,2013-03-19T09:45:00Z,4,7,1,1,14,13,NA
2,429,1,161980,3,251,2,NA,51000,51001,NA,48,243,2013-03-21T13:45:00Z,4,7,1,1,9,13,NA
2,430,1,161980,3,251,2,NA,51000,51002,NA,24,236,2013-03-26T10:45:00Z,4,7,1,1,11,13,NA
2,431,1,161980,3,251,2,NA,46000,46002,NA,42,360,2012-12-12T10:45:00Z,4,5,1,3,1,21,NA
2,432,1,161980,3,251,2,NA,46000,46002,NA,27,566,2012-12-18T11:03:00Z,4,7,1,3,1,21,NA
2,433,1,161980,3,251,2,NA,46000,46002,NA,2,1004,2012-12-28T15:10:00Z,4,5,1,3,1,21,NA
2,434,1,161980,3,251,2,NA,46000,46002,NA,10,990,2013-01-03T11:55:00Z,4,6,1,3,1,21,NA
2,435,1,161980,3,251,2,NA,46000,46002,NA,18,802,2013-01-08T10:30:00Z,4,7,1,1,5,13,NA
2,436,1,161980,3,251,2,NA,46000,46002,NA,8,1136,2013-01-10T12:00:00Z,4,6,1,3,1,21,NA
2,437,1,161980,3,251,2,NA,46000,46002,NA,3,357,2013-01-15T12:10:00Z,4,7,1,1,2,13,NA
2,438,1,161980,3,251,2,NA,46000,46002,NA,2,1049,2013-01-17T14:20:00Z,4,6,1,3,1,21,NA
2,439,1,161980,3,251,2,NA,46000,46002,NA,13,1007,2013-01-22T12:00:00Z,4,7,1,1,8,13,NA
2,440,1,161980,3,251,2,NA,46000,46002,NA,13,763,2013-01-24T10:30:00Z,4,5,1,3,1,21,NA
2,441,1,161980,3,251,2,NA,46000,46002,NA,7,993,2013-01-30T16:15:00Z,4,5,1,3,1,21,NA
2,442,1,161980,3,251,2,NA,46000,46002,NA,7,344,2013-02-05T13:45:00Z,4,6,1,3,1,21,NA
2,443,1,161980,3,251,2,NA,46000,46002,NA,8,1039,2013-02-07T15:05:00Z,4,7,1,1,2,13,NA
2,444,1,161980,3,251,2,NA,46000,46002,NA,5,1008,2013-02-12T12:00:00Z,4,2,1,3,1,21,NA
2,445,1,161980,3,251,2,NA,46000,46002,NA,1,499,2013-02-13T10:59:00Z,4,7,1,1,8,13,NA
2,446,1,161980,3,251,2,NA,46000,46002,NA,7,891,2013-02-15T15:30:00Z,4,3,1,3,1,21,NA
2,447,1,161980,3,251,2,NA,46000,46002,NA,10,952,2013-02-19T11:35:00Z,4,6,1,3,1,21,NA
2,448,1,161980,3,251,2,NA,46000,46002,NA,6,504,2013-02-21T15:30:00Z,4,7,1,1,12,13,NA
2,449,1,161980,3,251,253,NA,46000,46002,NA,2,937,2013-02-26T12:54:00Z,4,6,1,3,1,21,NA
2,450,1,161980,3,251,2,NA,46000,46002,NA,3,503,2013-02-28T13:00:00Z,4,5,1,1,8,13,NA
2,451,1,161980,3,251,2,NA,46000,46002,NA,4,1008,2013-03-05T15:45:00Z,4,7,1,3,1,21,NA
2,452,1,161980,3,251,2,NA,46000,46002,NA,6,421,2013-03-06T11:15:00Z,4,3,1,1,8,13,NA
2,453,1,161980,3,251,2,NA,46000,46002,NA,3,100,2013-03-19T14:15:00Z,4,2,1,3,1,21,NA
2,454,1,161980,3,251,2,NA,46000,46002,NA,11,213,2013-03-20T12:45:00Z,4,7,1,1,5,13,NA
2,455,1,161980,3,251,2,NA,46000,46002,NA,16,322,2013-03-22T11:50:00Z,4,3,1,3,1,21,NA
2,456,1,161980,3,251,2,NA,46000,46002,NA,15,213,2013-03-26T12:20:00Z,4,7,1,3,1,21,NA
2,457,1,161980,3,251,2,NA,46000,46002,NA,25,170,2013-03-28T11:36:00Z,4,7,1,1,2,13,NA
2,458,1,161980,3,251,2,NA,46000,46001,NA,25,28,2013-04-09T13:00:00Z,4,7,2,3,1,21,NA
2,459,1,161980,3,251,2,NA,46000,46001,NA,14,154,2013-04-23T15:45:00Z,4,7,2,1,10,13,NA
2,460,1,161980,3,251,2,NA,51000,51001,NA,0,43,2013-04-09T15:45:00Z,4,7,2,1,14,13,NA
2,461,1,161980,3,251,2,NA,51000,51002,NA,2,42,2013-04-16T12:09:00Z,4,7,2,1,5,13,NA
2,465,1,161980,3,251,2,NA,46000,46002,NA,23,122,2013-03-13T10:15:00Z,4,5,1,3,1,21,NA
2,466,1,161980,3,251,2,NA,46000,46002,NA,2,313,2013-03-14T11:45:00Z,4,7,1,1,8,13,NA
2,467,1,161980,3,251,2,NA,51000,51002,NA,9,491,2013-02-05T12:00:00Z,4,7,1,1,11,13,NA
2,468,1,161980,3,251,2,NA,43000,2001,NA,5,995,2010-12-07T11:35:00Z,4,5,1,3,1,21,NA
2,469,1,161980,3,251,2,NA,43000,NA,NA,1,999,2010-12-27T10:55:00Z,4,5,1,3,1,21,NA
2,470,1,161980,3,251,2,NA,43000,NA,NA,10,990,2011-01-03T13:00:00Z,4,5,1,3,1,21,NA
2,471,1,161980,3,251,2,NA,43000,NA,NA,5,995,2011-01-06T11:15:00Z,4,7,1,1,14,13,NA
2,472,1,161980,3,251,2,NA,43000,NA,NA,10,990,2011-01-10T13:00:00Z,4,7,1,3,1,21,NA
2,473,1,161980,3,251,2,NA,43000,43000,NA,1,997,2011-01-12T12:00:00Z,4,7,1,1,2,13,NA
2,474,1,161980,3,251,2,NA,43000,43000,NA,8,492,2011-01-26T12:00:00Z,4,5,1,1,12,13,NA
2,475,1,161980,3,251,2,NA,43000,NA,NA,1,499,2011-01-27T12:00:00Z,4,5,1,1,14,13,NA
2,476,1,161980,3,251,2,NA,43000,43000,NA,9,491,2011-02-01T12:00:00Z,4,5,1,1,5,13,NA
2,477,1,161980,3,251,2,NA,43000,43000,NA,5,245,2011-02-02T15:15:00Z,4,6,1,1,12,13,NA
2,478,1,161980,3,251,2,NA,43000,NA,NA,6,494,2011-02-03T12:00:00Z,4,6,1,1,14,13,NA
2,479,1,161980,3,251,2,NA,43000,43000,NA,4,496,2011-02-08T12:15:00Z,4,7,1,1,5,13,NA
2,480,1,161980,3,251,2,NA,43000,43000,NA,0,500,2011-02-09T15:00:00Z,4,7,1,1,12,13,NA
2,481,1,161980,3,251,2,NA,43000,NA,NA,6,494,2011-02-10T10:00:00Z,4,6,1,1,14,13,NA
2,482,1,161980,3,251,2,NA,43000,NA,NA,4,496,2011-02-17T12:00:00Z,4,7,1,1,14,13,NA
2,483,1,161980,3,251,2,NA,43000,43000,NA,2,248,2011-02-20T11:30:00Z,4,8,1,1,5,13,NA
2,484,1,161980,3,251,2,NA,43000,43000,NA,6,494,2011-02-26T13:45:00Z,4,7,1,1,14,13,NA
2,485,1,161980,3,251,2,NA,43000,43000,NA,34,466,2011-03-03T13:30:00Z,4,7,1,1,12,13,NA
2,486,1,161980,3,251,2,NA,43000,NA,NA,10,240,2011-03-07T14:30:00Z,4,7,1,1,14,13,NA
2,487,1,161980,3,251,2,NA,43000,NA,NA,17,483,2011-03-09T10:00:00Z,4,7,1,1,8,13,NA
2,488,1,161980,3,251,2,NA,43000,43000,NA,9,241,2011-03-14T12:00:00Z,4,2,2,1,5,13,NA
2,489,1,161980,3,NA,2,52000,51000,51001,NA,4,506,2014-01-08T12:00:00Z,4,8,1,1,5,13,NA
2,490,1,161980,3,NA,2,52000,51000,51002,NA,6,494,2014-01-09T21:00:00Z,0,6,1,1,9,13,NA
2,491,1,161980,3,NA,2,52000,51000,51002,NA,0,442,2014-01-15T21:00:00Z,0,3,1,1,11,13,NA
2,492,1,161980,3,NA,2,52000,51000,51001,NA,1,429,2014-01-16T12:40:00Z,4,4,1,1,5,13,NA
2,493,1,161980,3,NA,2,52000,51000,51001,NA,0,500,2014-01-22T10:38:00Z,4,3,1,1,9,13,NA
2,494,1,161980,3,NA,2,52000,51000,51002,NA,1,499,2014-01-23T21:00:00Z,0,3,1,1,11,13,NA
2,495,1,161980,3,NA,2,52000,51000,51002,NA,2,498,2014-01-29T21:00:00Z,0,3,1,1,5,13,NA
2,496,1,161980,3,NA,2,52000,51000,51001,NA,0,490,2014-01-30T13:30:00Z,4,3,1,1,9,13,NA
2,498,1,161980,3,NA,2,52000,46000,46002,NA,2,498,2014-01-08T14:30:00Z,4,3,1,1,8,13,NA
2,499,1,161980,3,NA,2,52000,46000,46001,NA,9,586,2014-01-09T21:00:00Z,251,3,1,1,2,13,NA
2,500,1,161980,3,NA,2,52000,46000,46001,NA,5,430,2014-01-15T21:00:00Z,0,4,1,1,14,13,NA
2,501,1,161980,3,NA,2,52000,46000,46002,NA,1,450,2014-01-16T10:15:00Z,4,4,1,1,8,13,NA
2,502,1,161980,3,NA,2,52000,46000,46002,NA,5,495,2014-01-22T14:41:00Z,4,3,1,1,2,13,NA
2,503,1,161980,3,NA,2,52000,46000,46001,NA,9,501,2014-01-23T21:00:00Z,0,7,1,1,14,13,NA
2,504,1,161980,3,NA,2,52000,46000,46001,NA,0,500,2014-01-29T21:00:00Z,0,5,1,1,8,13,NA
2,505,1,161980,3,NA,2,52000,46000,46002,NA,5,543,2014-01-30T10:23:00Z,4,4,1,1,2,13,NA
2,506,1,161980,3,NA,2,52000,46000,46001,NA,11,499,2014-02-05T21:00:00Z,0,3,1,1,14,13,NA
2,507,1,161980,3,NA,2,52000,46000,46002,NA,3,559,2014-02-06T14:29:00Z,4,3,1,1,8,13,NA
2,508,1,161980,3,NA,2,52000,51000,51002,NA,3,545,2014-02-05T21:00:00Z,0,5,1,1,9,13,NA
2,509,1,161980,3,NA,2,52000,51000,51001,NA,4,593,2014-02-06T11:37:00Z,4,3,1,1,5,13,NA
2,510,1,161980,3,NA,2,52000,46000,46002,NA,8,492,2014-02-12T14:30:00Z,4,4,1,1,14,13,NA
2,511,1,161980,3,NA,2,52000,46000,46001,NA,4,500,2014-02-13T21:00:00Z,0,3,1,1,8,13,NA
2,512,1,161980,3,NA,2,52000,51000,51001,NA,8,497,2014-02-12T12:11:00Z,4,3,1,1,9,13,NA
2,513,1,161980,3,NA,2,5000,51000,51002,NA,8,551,2014-02-13T21:00:00Z,0,3,1,1,5,13,NA
2,514,1,161980,3,NA,2,NA,47000,47000,NA,1,499,2011-01-11T12:00:00Z,4,4,1,1,9,13,NA
2,515,1,161980,3,NA,2,NA,47000,47002,NA,2,798,2011-01-13T13:00:00Z,4,4,1,1,8,13,NA
2,516,1,161980,3,NA,2,NA,47000,47002,NA,8,994,2011-01-17T12:30:00Z,4,4,1,3,1,21,NA
2,517,1,161980,3,NA,2,NA,47000,47002,NA,17,983,2011-01-19T11:00:00Z,4,4,1,1,2,13,NA
2,518,1,161980,3,NA,2,NA,47000,47002,NA,1,999,2011-01-24T10:20:00Z,4,4,1,3,1,21,NA
2,519,1,161980,3,NA,2,NA,47000,47000,NA,5,1015,2011-01-26T11:30:00Z,4,4,1,1,2,13,NA
2,520,1,161980,3,NA,2,NA,47000,47000,NA,0,1010,2011-01-27T14:30:00Z,4,5,1,3,1,21,NA
2,521,1,161980,3,NA,2,NA,47000,47002,NA,1,999,2011-01-31T11:55:00Z,4,2,1,3,1,21,NA
2,522,1,161980,3,NA,2,NA,47000,47000,NA,0,500,2011-02-02T12:00:00Z,4,4,1,3,1,21,NA
2,523,1,161980,3,NA,2,NA,47000,47000,NA,0,1000,2011-02-07T12:10:00Z,4,3,1,3,1,21,NA
2,524,1,161980,3,NA,2,NA,47000,47000,NA,0,500,2011-02-23T11:30:00Z,4,7,1,3,1,21,NA
2,525,1,161980,3,NA,2,NA,47000,47000,NA,15,485,2011-03-01T15:15:00Z,4,5,1,1,5,13,NA
2,526,1,161980,3,NA,2,NA,47000,47002,NA,7,993,2011-03-03T12:00:00Z,4,4,1,3,1,21,NA
2,527,1,161980,3,NA,2,NA,47000,47000,NA,20,480,2011-03-06T11:45:00Z,4,4,1,1,5,13,NA
2,528,1,161980,3,NA,2,NA,47000,47000,NA,12,1293,2011-03-07T10:53:00Z,4,4,1,3,1,21,NA
2,529,1,161980,3,NA,2,NA,47000,47002,NA,16,484,2011-03-09T12:45:00Z,NA,4,2,1,12,13,NA
2,530,1,161980,3,NA,2,NA,47000,47002,NA,4,1496,2011-03-10T12:45:00Z,4,3,1,3,1,21,NA
2,531,1,161980,3,NA,2,52000,46000,46001,NA,3,473,2014-02-20T21:00:00Z,0,3,1,1,14,13,NA
2,532,1,161980,3,NA,2,52000,46000,46002,NA,21,465,2014-02-25T13:15:00Z,4,3,1,1,14,13,NA
2,533,1,161980,3,NA,2,52000,46000,46002,NA,7,476,2014-02-26T12:00:00Z,4,3,1,1,8,13,NA
2,534,1,161980,3,NA,2,52000,46000,46002,NA,14,510,2014-03-06T13:10:00Z,4,2,1,1,2,13,NA
2,535,1,161980,3,NA,2,52000,46000,46001,NA,0,226,2014-03-07T10:20:00Z,4,5,1,1,14,13,NA
2,536,1,161980,3,NA,2,52000,46000,46002,NA,6,201,2014-03-07T10:20:00Z,4,2,1,1,8,13,NA
2,537,1,161980,3,NA,2,52000,46000,46002,NA,23,447,2014-03-13T13:43:00Z,4,3,1,1,14,13,NA
2,538,1,161980,3,NA,2,52000,46000,46002,NA,2,239,2014-03-14T12:00:00Z,4,4,1,1,8,13,NA
2,539,1,161980,3,NA,2,52000,46000,46002,NA,4,240,2014-03-14T12:00:00Z,4,3,1,1,2,13,NA
2,540,1,161980,3,NA,2,52000,46000,46002,NA,10,478,2014-03-20T10:52:00Z,4,3,1,1,14,13,NA
2,541,1,161980,3,NA,2,52000,46000,46002,NA,1,246,2014-03-21T09:45:00Z,4,3,1,1,8,13,NA
2,542,1,161980,3,NA,2,52000,51000,51002,NA,1,499,2014-02-19T21:00:00Z,0,3,1,3,1,21,NA
2,543,1,161980,3,NA,2,52000,51000,51001,NA,48,365,2014-02-25T12:00:00Z,4,3,1,1,9,13,NA
2,544,1,161980,3,NA,2,52000,51000,51001,NA,5,495,2014-02-26T12:25:00Z,4,3,1,1,5,13,NA
2,545,1,161980,3,NA,2,52000,51000,51002,NA,8,404,2014-02-26T21:00:00Z,4,3,1,1,11,13,NA
2,546,1,161980,3,NA,2,52000,51000,51001,NA,17,483,2014-03-06T11:55:00Z,4,3,1,1,9,13,NA
2,547,1,161980,3,NA,2,52000,51000,51001,NA,0,201,2014-03-07T12:00:00Z,4,3,1,1,5,13,NA
2,548,1,161980,3,NA,2,52000,51000,51002,NA,7,242,2014-03-07T21:00:00Z,0,3,1,1,11,13,NA
2,549,1,161980,3,NA,2,52000,51000,51001,NA,3,459,2014-03-13T12:00:00Z,4,4,1,1,11,13,NA
2,550,1,161980,3,NA,2,52000,51000,51002,NA,0,231,2014-03-14T21:00:00Z,0,3,1,1,9,13,NA
2,551,1,161980,3,NA,2,52000,51000,51001,NA,0,235,2014-03-14T12:00:00Z,4,3,1,1,5,13,NA
2,552,1,161980,3,NA,2,52000,51000,51001,NA,1,488,2014-03-20T10:05:00Z,4,3,1,1,11,13,NA
2,553,1,161980,3,NA,2,52000,51000,51001,NA,0,181,2014-03-21T12:00:00Z,4,3,1,1,9,13,NA
2,554,1,161980,3,NA,2,52000,51000,51001,NA,60,63,2014-03-25T12:00:00Z,4,3,2,1,5,13,NA
2,555,2,161980,3,NA,2,NA,51000,51001,NA,1,249,2013-02-15T11:15:00Z,4,9,2,1,10,13,NA
2,556,1,161980,3,NA,2,NA,46000,46002,NA,25,28,2013-04-09T15:15:00Z,4,3,2,3,1,21,NA
2,558,1,161980,3,NA,2,NA,43000,43000,NA,1,215,2011-03-15T12:00:00Z,4,0,2,3,1,21,NA
2,559,1,161980,3,NA,2,NA,43000,43000,NA,4,419,2011-04-07T12:00:00Z,4,5,1,3,1,21,NA
2,560,1,161980,3,NA,2,NA,43000,43000,NA,0,147,2011-04-20T13:30:00Z,4,1,2,3,1,21,NA
2,561,1,161980,3,NA,2,NA,47000,47002,NA,10,196,2011-01-06T12:45:00Z,4,0,2,1,12,13,NA
2,562,1,161980,3,NA,2,NA,44000,44014,NA,2,998,2005-02-09T11:30:00Z,4,4,1,1,10,13,NA
2,563,1,161980,3,NA,2,NA,44000,44014,NA,14,989,2005-02-17T12:00:00Z,4,4,1,1,5,13,NA
2,564,1,161980,3,NA,2,NA,44000,44009,NA,15,985,2005-02-24T11:00:00Z,4,4,1,1,8,13,NA
2,565,1,161980,3,NA,2,NA,44000,44015,NA,31,969,2005-03-08T12:00:00Z,4,5,1,1,5,13,NA
2,566,1,161980,3,NA,2,NA,44000,44015,NA,16,799,2005-03-16T12:00:00Z,4,4,1,1,10,13,NA
2,567,252,161980,3,NA,2,NA,44000,44016,NA,6,996,2005-02-09T11:40:00Z,4,3,2,1,12,13,NA
2,568,252,252,3,NA,2,NA,44000,44017,NA,5,1075,2005-02-09T11:40:00Z,4,3,2,1,14,13,NA
2,569,252,161980,3,NA,2,NA,44000,44009,NA,4,1004,2005-02-09T11:00:00Z,4,3,2,1,5,13,NA
2,570,252,161980,3,NA,2,NA,44000,44008,NA,5,1025,2005-02-09T10:45:00Z,4,3,2,1,8,13,NA
2,571,252,161980,3,NA,2,NA,44000,44009,NA,8,1113,2005-02-17T12:00:00Z,4,3,2,1,14,13,NA
2,572,252,161980,3,NA,2,NA,44000,44008,NA,12,1027,2005-02-17T12:00:00Z,4,3,2,1,12,13,NA
2,573,252,161980,3,NA,2,NA,44000,44010,NA,3,1001,2005-03-02T12:00:00Z,4,3,2,1,9,13,NA
2,574,252,161980,3,NA,2,NA,44000,44008,NA,4,998,2005-03-02T12:00:00Z,4,3,2,1,10,13,NA
2,575,1,161980,3,NA,2,NA,47000,47001,NA,9,506,2009-01-13T14:30:00Z,4,4,1,3,1,21,NA
2,576,1,161980,3,NA,2,NA,47000,47001,NA,5,559,2009-01-22T12:00:00Z,4,4,1,3,1,21,NA
2,577,1,161980,3,NA,2,NA,47000,47001,NA,2,652,2009-01-27T12:15:00Z,4,2,1,1,5,13,NA
2,578,1,161980,3,NA,2,NA,47000,47001,NA,2,534,2009-02-12T10:30:00Z,4,3,1,1,9,13,NA
2,579,1,161980,3,NA,2,NA,43000,43000,NA,1,542,2009-03-17T14:25:00Z,4,3,1,3,1,21,NA
2,580,1,161980,3,NA,2,NA,43000,43000,NA,1,603,2009-03-23T11:30:00Z,4,4,1,3,1,21,NA
2,581,1,161980,3,NA,2,NA,43000,43000,NA,2,749,2008-04-16T12:45:00Z,4,3,1,3,1,21,NA
2,582,1,161980,3,NA,2,NA,46000,46003,NA,0,245,2015-01-06T14:12:00Z,4,7,2,1,14,13,NA
2,583,1,161980,3,NA,2,NA,46000,46003,NA,3,479,2015-01-07T15:52:00Z,4,7,2,1,8,13,NA
2,584,1,161980,3,NA,2,NA,46000,46003,NA,1,484,2015-01-13T15:40:59Z,4,7,2,1,2,13,NA
2,585,1,161980,3,NA,2,NA,46000,46003,NA,3,998,2015-01-14T15:05:00Z,4,7,2,1,14,13,NA
2,586,1,161980,3,NA,2,52000,51000,51003,NA,8,513,2015-01-06T10:30:00Z,4,3,2,1,5,13,NA
2,587,1,161980,3,NA,2,52000,51000,51003,NA,1,485,2015-01-07T13:11:00Z,4,7,2,1,9,13,NA
2,588,1,161980,3,NA,2,52000,51000,51003,NA,0,482,2015-01-13T13:01:00Z,4,7,2,1,11,13,NA
2,589,1,161980,3,NA,2,52000,51000,51003,NA,3,997,2015-01-14T12:19:00Z,4,7,2,1,5,13,NA
2,590,1,161980,3,NA,2,52000,51000,51003,NA,13,879,2015-01-21T13:20:00Z,4,4,2,1,9,13,NA
2,591,1,161980,3,NA,2,52000,51000,51003,NA,0,607,2015-01-22T12:03:00Z,4,7,2,1,11,13,NA
2,592,1,161980,3,NA,2,52000,51000,51003,NA,3,696,2015-01-27T22:30:00Z,4,4,1,1,5,13,NA
2,593,1,161980,3,NA,2,52000,51000,51003,NA,1,715,2015-01-28T12:12:00Z,4,9,1,1,9,13,NA
2,594,1,161980,3,NA,2,52000,51000,51003,NA,24,486,2015-02-03T12:10:00Z,4,4,2,1,11,13,NA
2,595,1,161980,3,NA,2,52000,51000,51003,NA,1,790,2015-02-04T13:00:00Z,4,4,1,1,5,13,NA
2,596,1,161980,3,NA,2,52000,51000,51003,NA,6,471,2015-02-10T15:38:00Z,4,4,2,1,11,13,NA
2,597,1,161980,3,NA,2,52000,51000,51003,NA,6,481,2015-02-10T15:37:00Z,4,4,2,1,2,13,NA
2,598,1,161980,3,NA,2,52000,51000,51003,NA,21,1031,2015-02-11T16:35:00Z,4,4,1,1,5,13,NA
2,599,1,161980,3,NA,2,52000,51000,51003,NA,7,490,2015-02-13T10:30:00Z,4,4,1,1,9,13,NA
2,600,1,161980,3,NA,2,52000,51000,51003,NA,9,744,2015-02-18T14:43:00Z,4,4,2,1,11,13,NA
2,601,1,161980,3,NA,2,52000,51000,51003,NA,1,494,2015-02-19T10:29:00Z,4,4,1,1,5,13,NA
2,602,1,161980,3,NA,2,52000,51000,51003,NA,4,471,2015-02-20T14:00:00Z,4,3,1,1,10,13,NA
2,603,1,161980,3,NA,2,52000,51000,51003,NA,3,690,2015-02-24T12:26:00Z,4,7,1,1,9,13,NA
2,604,1,161980,3,NA,2,52000,51000,51003,NA,3,393,2015-02-26T11:00:00Z,4,7,1,1,11,13,NA
2,605,1,161980,3,NA,2,52000,51000,51003,NA,8,490,2015-02-27T13:30:00Z,4,4,2,1,5,13,NA
2,606,1,161980,3,NA,2,52000,46000,46004,NA,14,981,2015-01-21T16:17:59Z,4,4,1,1,8,13,NA
2,607,1,161980,3,NA,2,52000,46000,46004,NA,6,589,2015-01-22T12:24:59Z,4,10,1,1,2,13,NA
2,608,1,161980,3,NA,2,52000,46000,46004,NA,2,730,2015-01-27T13:03:00Z,4,4,1,1,14,13,NA
2,609,1,161980,3,NA,2,52000,46000,46004,NA,3,713,2015-01-28T12:44:00Z,4,7,1,1,8,13,NA
2,610,1,161980,3,NA,2,52000,46000,46004,NA,7,989,2015-02-03T11:20:00Z,4,7,1,1,2,13,NA
2,611,1,161980,3,NA,2,52000,46000,46004,NA,10,801,2015-02-04T13:09:59Z,4,6,1,1,14,13,NA
2,612,1,161980,3,NA,2,52000,46000,46004,NA,6,995,2015-02-11T14:00:00Z,4,7,1,1,14,13,NA
2,613,1,161980,3,NA,2,5000,46000,46004,NA,5,494,2015-02-13T13:27:00Z,4,7,1,1,8,13,NA
2,614,1,161980,3,NA,2,52000,46000,46004,NA,3,487,2015-02-18T16:00:00Z,4,7,1,1,2,13,NA
2,615,1,161980,3,NA,2,52000,46000,46004,NA,7,479,2015-02-19T12:52:00Z,4,7,1,1,14,13,NA
2,616,1,161980,3,NA,2,52000,46000,46004,NA,41,371,2015-02-20T11:02:00Z,4,7,1,1,12,13,NA
2,617,1,161980,3,NA,2,52000,46000,46004,NA,8,651,2015-02-24T16:15:00Z,4,6,1,1,8,13,NA
2,618,1,161980,3,NA,2,52000,46000,46004,NA,NA,411,2015-02-26T12:30:00Z,4,5,1,1,2,13,NA
2,619,1,161980,3,NA,2,52000,46000,46004,NA,8,462,2015-02-27T11:10:00Z,4,5,1,1,14,13,NA
2,620,1,161980,3,NA,2,52000,46000,46004,NA,4,345,2015-03-03T12:20:00Z,4,6,1,1,8,13,NA
2,621,1,161980,3,NA,2,2000,43000,43001,NA,NA,303,2015-03-03T09:30:00Z,4,8,1,1,9,13,NA
2,622,1,161980,3,NA,2,52000,43000,43001,NA,5,292,2015-03-04T16:20:00Z,4,7,1,1,11,13,NA
2,623,1,161980,3,NA,2,2000,43000,43001,NA,4,492,2015-03-06T14:00:00Z,4,7,1,1,5,13,NA
2,624,1,161980,3,NA,2,2000,43000,43001,NA,0,520,2015-03-10T14:31:59Z,4,7,1,1,9,13,NA
2,625,1,161980,3,NA,2,2000,43000,43001,NA,0,507,2015-03-11T08:30:00Z,4,7,1,1,11,13,NA
2,626,1,161980,3,NA,2,2000,43000,43001,NA,0,242,2015-03-25T12:28:00Z,4,7,1,1,11,13,NA
2,627,1,161980,3,NA,2,2000,43000,43001,NA,6,328,2015-03-27T12:30:00Z,4,3,1,1,9,13,NA
2,628,1,161980,3,NA,2,5000,46000,46004,NA,8,278,2015-03-04T12:10:00Z,4,5,1,1,2,13,NA
2,629,1,161980,3,NA,2,5000,46000,46004,NA,0,496,2015-03-06T12:16:59Z,4,29,1,1,14,13,NA
2,630,1,161980,3,NA,2,NA,46000,46004,NA,0,508,2015-03-10T13:16:00Z,4,6,2,1,8,13,NA
2,631,1,161980,3,NA,2,NA,46000,46004,NA,1,509,2015-03-11T13:05:00Z,4,6,1,1,2,13,NA
2,632,1,161980,3,NA,2,2000,46000,46004,NA,0,254,2015-03-27T10:00:00Z,4,7,2,3,1,21,NA
2,633,1,161980,3,NA,2,2000,43000,43001,0,0,251,2015-03-31T12:00:00Z,4,20,1,1,9,13,NA
2,634,1,161980,3,NA,2,2000,46000,46004,NA,2,244,2015-03-24T15:40:00Z,4,6,1,1,8,13,NA
2,635,1,161980,3,NA,2,52000,51000,51003,NA,31,271,2015-12-30T13:27:00Z,4,7,1,1,9,13,NA
2,636,1,161980,3,NA,2,52000,51000,51003,NA,1,1008,2015-12-31T13:58:00Z,4,7,1,1,5,13,NA
2,638,1,161980,3,NA,2,52000,51000,51003,NA,9,589,2016-01-01T12:39:00Z,4,7,1,1,11,13,NA
2,639,1,161980,3,NA,2,52000,51000,51003,NA,0,1014,2016-01-05T12:01:00Z,4,7,1,1,9,13,NA
2,640,1,161980,3,NA,2,52000,51000,51003,NA,2,345,2016-01-06T15:00:00Z,4,7,1,1,5,13,NA
2,641,1,161980,3,NA,2,52000,51000,51003,NA,0,997,2016-01-07T10:00:00Z,4,4,1,1,11,13,NA
2,642,1,161980,3,NA,2,52000,51000,51003,NA,1,482,2016-01-14T13:50:00Z,4,7,1,1,14,13,NA
2,643,1,161980,3,NA,2,52000,51000,51003,NA,2,998,2016-01-19T16:30:00Z,4,6,1,1,5,13,NA
2,644,1,161980,3,NA,2,52000,51000,51003,NA,10,1006,2016-01-25T17:10:00Z,4,4,1,1,5,13,NA
2,645,1,161980,3,NA,2,52000,51000,51003,NA,1,1007,2016-01-26T14:30:00Z,4,4,1,1,10,13,NA
2,646,1,161980,3,NA,2,52000,51000,51003,NA,0,737,2016-02-01T14:05:00Z,4,4,1,1,5,13,NA
2,647,1,161980,3,NA,2,52000,51000,51003,NA,2,895,2016-02-02T13:30:00Z,4,4,1,1,10,13,NA
2,648,1,161980,3,NA,2,52000,51000,51003,NA,5,1004,2016-02-08T13:48:00Z,4,4,1,1,5,13,NA
2,649,1,161980,3,NA,2,52000,51000,51003,NA,0,938,2016-02-09T11:15:00Z,4,4,1,1,10,13,NA
2,650,1,161980,3,NA,2,52000,51000,51003,NA,1,1006,2016-02-16T13:00:00Z,4,4,1,1,5,13,NA
2,651,1,161980,3,NA,2,52000,51000,51003,NA,3,508,2016-02-17T12:10:00Z,4,4,1,1,10,13,NA
2,652,1,161980,3,NA,2,52000,51000,51003,NA,9,385,2016-02-22T15:16:59Z,4,4,1,1,5,13,NA
2,653,1,161980,3,NA,2,52000,51000,51003,NA,0,995,2016-02-23T12:20:00Z,4,4,1,1,10,13,NA
2,654,1,161980,3,NA,2,52000,51000,51003,NA,5,653,2016-02-29T13:06:00Z,4,4,1,1,5,13,NA
2,655,1,161980,3,NA,2,52000,51000,51003,NA,7,589,2016-03-01T13:28:00Z,4,4,1,1,10,13,NA
2,656,1,161980,3,251,2,52000,46000,46004,NA,1,992,2015-12-31T13:30:00Z,4,7,1,1,8,13,NA
2,657,1,161980,3,251,2,52000,46000,46004,NA,12,279,2015-12-30T15:20:00Z,4,7,1,1,2,13,NA
2,658,1,161980,3,NA,2,52000,46000,46004,NA,9,496,2016-01-01T11:54:00Z,4,7,1,1,14,13,NA
2,659,1,161980,3,NA,2,52000,46000,46004,NA,1,889,2016-01-05T10:30:00Z,4,7,1,1,2,13,NA
2,660,1,161980,3,NA,2,52000,46000,46004,NA,1,349,2016-01-06T11:00:00Z,4,7,2,1,8,13,NA
2,661,1,161980,3,NA,2,52000,46000,46004,NA,3,727,2016-01-07T11:45:00Z,4,7,2,1,14,13,NA
2,662,1,161980,3,NA,2,52000,46000,46004,NA,2,996,2016-01-12T12:08:00Z,4,7,1,1,9,13,NA
2,663,1,161980,3,NA,2,52000,46000,46004,NA,1,1005,2016-01-12T12:08:00Z,4,7,1,1,2,13,NA
2,664,1,161980,3,NA,2,52000,46000,46004,NA,0,400,2016-01-14T11:45:00Z,4,4,1,1,11,13,NA
2,665,1,161980,3,NA,2,52000,46000,46004,NA,2,684,2016-01-19T08:45:00Z,4,4,1,1,9,13,NA
2,666,1,161980,3,NA,2,52000,46000,46004,NA,0,517,2016-01-25T16:05:00Z,4,4,1,1,9,13,NA
2,667,1,161980,3,NA,2,52000,46000,46004,NA,0,600,2016-01-26T15:35:00Z,4,4,1,1,8,13,NA
2,668,1,161980,3,NA,2,52000,46000,46004,NA,7,988,2016-02-01T15:55:00Z,4,4,1,1,9,13,NA
2,669,1,161980,3,NA,2,52000,46000,46004,NA,0,1001,2016-02-02T15:24:59Z,4,4,1,1,8,13,NA
2,670,1,161980,3,NA,2,52000,46000,46004,NA,18,919,2016-02-08T15:38:00Z,4,4,1,1,9,13,NA
2,671,1,161980,3,NA,2,52000,46000,46004,NA,1,761,2016-02-09T15:34:00Z,4,4,1,1,8,13,NA
2,672,1,161980,3,NA,2,52000,46000,46004,NA,4,1058,2016-02-16T16:00:00Z,4,4,1,1,9,13,NA
2,673,1,161980,3,NA,2,52000,46000,46004,NA,0,611,2016-02-17T16:00:00Z,4,4,1,1,8,13,NA
2,674,1,161980,3,NA,2,52000,46000,46004,NA,5,389,2016-02-22T12:45:00Z,4,4,1,1,9,13,NA
2,675,1,161980,3,NA,2,52000,46000,46004,NA,11,1112,2016-02-23T12:00:00Z,4,4,1,1,8,13,NA
2,676,1,161980,3,NA,2,52000,46000,46004,NA,2,691,2016-02-29T15:55:00Z,4,4,1,1,9,13,NA
2,677,1,161980,3,NA,2,52000,46000,46004,NA,5,674,2016-03-01T12:00:00Z,4,4,1,1,8,13,NA
2,678,1,161980,3,251,2,52000,51000,51003,0,NA,230,2017-01-09T16:35:00Z,4,7,1,1,11,13,NA
2,679,1,161980,3,251,2,52000,51000,51003,1,NA,1530,2017-01-10T15:00:00Z,4,7,1,1,9,13,NA
2,680,1,161980,3,NA,2,52000,51000,51003,2,NA,287,2017-01-26T21:53:00Z,4,7,1,1,11,13,NA
2,681,1,161980,3,NA,2,52000,51000,NA,6,NA,998,2017-01-31T12:45:00Z,4,7,1,1,8,13,NA
2,682,1,161980,3,NA,2,52000,52000,NA,2,NA,1,2017-01-31T12:43:00Z,4,7,2,1,5,13,NA
2,683,1,161980,3,NA,2,52000,51000,51003,3,NA,666,2017-02-01T10:00:00Z,4,7,1,3,1,21,NA
2,684,1,161980,3,NA,2,52000,51000,51003,1,NA,272,2017-02-03T09:42:00Z,4,7,2,1,9,13,NA
2,685,1,161980,3,NA,2,3000,46000,NA,NA,2,303,2017-01-27T10:46:59Z,4,7,1,1,9,13,NA
2,686,1,161980,3,NA,2,3000,46000,46004,NA,1,90,2018-01-10T13:20:00Z,4,2,1,1,5,13,NA
2,687,1,161980,3,NA,2,3000,46000,46004,NA,NA,500,2018-01-11T14:50:00Z,4,7,1,1,8,13,NA
2,688,1,161980,3,NA,2,3000,46000,46004,NA,2,952,2018-01-12T12:30:00Z,4,7,1,1,10,13,NA
2,689,1,161980,3,NA,2,3000,46000,46004,NA,4,830,2018-01-18T12:10:00Z,4,8,1,1,5,13,NA
2,690,1,161980,3,NA,2,3000,46000,46004,NA,5,381,2018-01-23T12:10:00Z,4,10,1,1,9,13,NA
2,691,1,161980,3,NA,2,3000,46000,46004,NA,2,478,2018-01-25T10:29:00Z,4,7,1,1,8,13,NA
2,692,1,161980,3,NA,2,3000,46000,46004,NA,3,1090,2018-01-30T14:06:00Z,4,7,1,1,5,13,NA
2,693,1,161980,3,NA,2,3000,44000,44018,NA,0,158,2018-01-04T10:06:00Z,4,3,1,1,11,13,NA
2,694,1,161980,3,NA,2,3000,44000,44018,NA,0,331,2018-01-09T09:00:00Z,4,8,1,1,11,13,NA
2,695,1,161980,3,NA,2,3000,44000,44018,NA,0,540,2018-01-10T09:22:00Z,4,3,1,1,9,13,NA
2,696,1,161980,3,NA,2,3000,44000,44018,NA,1,481,2018-01-11T11:15:00Z,4,7,1,1,2,13,NA
2,697,1,161980,3,NA,2,3000,44000,44018,NA,2,389,2018-01-16T11:15:00Z,4,7,1,1,11,13,NA
2,698,1,161980,3,NA,2,3000,44000,44018,NA,NA,369,2018-01-17T09:40:00Z,4,4,1,1,9,13,NA
2,699,1,161980,3,NA,2,3000,44000,44018,NA,5,767,2018-01-19T10:00:00Z,4,4,1,1,2,13,NA
2,700,1,161980,3,NA,2,3000,44000,44018,NA,5,995,2018-01-23T10:40:00Z,4,6,1,1,14,13,NA
2,701,1,161980,3,NA,2,3000,44000,44018,NA,7,1137,2018-01-24T09:30:00Z,4,7,1,1,5,13,NA
2,702,1,161980,3,NA,2,3000,44000,44018,NA,4,496,2018-01-25T14:12:00Z,4,7,1,1,2,13,NA
2,703,1,161980,3,NA,2,3000,44000,44018,NA,2,972,2018-01-30T09:30:00Z,4,7,1,1,14,13,NA
2,704,1,161980,3,NA,2,NA,44000,44018,NA,0,994,2018-01-31T10:00:00Z,4,7,1,1,9,13,NA
2,705,1,161980,3,NA,2,3000,44000,44018,NA,1,449,2018-02-01T10:28:00Z,4,5,1,1,2,13,NA
2,706,1,161980,3,NA,2,3000,44000,44018,NA,0,908,2018-02-06T09:05:00Z,4,9,1,1,9,13,NA
2,707,1,161980,3,NA,2,3000,44000,44018,NA,6,502,2018-02-07T09:28:00Z,4,5,1,1,14,13,NA
2,708,1,161980,3,NA,2,3000,44000,44018,NA,1,1029,2018-02-13T09:30:00Z,4,5,1,1,2,13,NA
2,709,1,161980,3,NA,2,3000,44000,44018,NA,2,1014,2018-02-14T10:35:00Z,4,7,1,1,14,13,NA
2,710,1,161980,3,NA,2,3000,44000,44018,NA,0,497,2018-02-20T11:00:00Z,4,5,1,1,2,13,NA
2,711,1,161980,3,NA,2,3000,44000,44018,NA,1,695,2018-02-27T09:47:00Z,4,7,1,1,10,13,NA
2,712,1,161980,3,NA,3,3000,44000,44018,NA,8,582,2018-02-28T09:45:00Z,4,5,1,1,9,13,NA
2,713,1,161980,3,NA,2,3000,44000,44018,NA,2,628,2018-03-05T10:05:00Z,4,5,1,1,9,13,NA
2,714,1,161980,3,NA,2,3000,44000,44018,NA,3,603,2018-03-07T09:03:00Z,4,8,1,1,2,13,NA
2,715,1,161980,3,NA,2,3000,44000,44018,NA,4,248,2018-03-13T09:50:00Z,4,8,1,1,9,13,NA
2,716,1,161980,3,NA,2,3000,44000,44018,NA,5,411,2018-03-14T09:48:00Z,4,7,1,1,2,13,NA
2,717,1,161980,3,NA,2,3000,44000,44018,NA,2,503,2018-03-20T13:20:00Z,4,7,1,1,9,13,NA
2,718,1,161980,3,NA,2,3000,44000,44018,NA,5,445,2018-03-21T10:30:00Z,4,7,1,1,2,13,NA
2,719,1,161980,3,NA,2,3000,44000,44018,NA,0,198,2018-03-27T11:20:00Z,4,7,1,1,9,13,NA
2,720,1,161980,3,NA,2,3000,44000,44018,NA,5,169,2018-03-29T10:46:59Z,4,7,1,1,2,13,NA
2,721,1,161980,3,NA,2,3000,46000,46004,NA,NA,206,2018-01-31T09:00:00Z,4,7,1,1,8,13,NA
2,722,1,161980,3,NA,2,3000,46000,46004,NA,3,524,2018-02-01T13:54:59Z,4,4,1,1,10,13,NA
2,723,1,161980,3,NA,2,3000,46000,46004,NA,1,603,2018-02-13T13:54:59Z,4,7,1,1,10,13,NA
2,724,1,161980,3,NA,2,3000,46000,46004,NA,1,595,2018-02-14T14:07:00Z,4,7,1,1,5,13,NA
2,725,1,161980,3,NA,2,3000,46000,46004,NA,1,119,2018-02-15T12:08:00Z,4,14,1,1,8,13,NA
2,726,1,161980,3,NA,2,3000,46000,46004,NA,NA,595,2018-02-20T15:00:00Z,4,7,1,1,10,13,NA
2,727,1,161980,3,NA,2,3000,46000,46004,NA,NA,416,2018-02-23T12:00:00Z,4,4,1,1,8,13,NA
2,728,1,161980,3,NA,2,3000,46000,46004,NA,2,608,2018-02-27T12:45:00Z,4,7,1,1,2,13,NA
2,729,1,161980,3,NA,2,3000,46000,46004,NA,2,651,2018-02-28T10:00:00Z,4,7,1,1,8,13,NA
2,730,1,161980,3,NA,2,3000,46000,46004,NA,3,963,2018-03-01T13:25:00Z,4,3,1,1,5,13,NA
2,731,1,161980,3,NA,2,3000,46000,46004,NA,1,1014,2018-03-06T12:00:00Z,4,7,1,1,14,13,NA
2,732,1,161980,3,NA,2,3000,46000,46004,NA,8,901,2018-03-07T12:27:00Z,4,7,1,1,5,13,NA
2,733,1,161980,3,NA,2,3000,46000,46004,NA,2,243,2018-03-08T11:39:59Z,4,7,1,1,8,13,NA
2,734,1,161980,3,NA,2,3000,46000,46004,NA,NA,118,2018-03-13T13:54:59Z,4,7,1,1,14,13,NA
2,735,1,161980,3,NA,2,3000,46000,46004,NA,3,231,2018-03-14T13:09:59Z,4,7,1,1,5,13,NA
2,736,1,161980,3,NA,2,3000,46000,46004,NA,2,272,2018-03-15T10:05:00Z,4,12,1,1,8,13,NA
2,737,1,161980,3,NA,2,3000,46000,46004,NA,NA,1027,2018-03-20T11:00:00Z,4,7,1,1,14,13,NA
2,738,1,161980,3,NA,2,3000,46000,46004,NA,6,222,2018-03-21T09:00:00Z,4,7,1,1,5,13,NA
2,739,1,161980,3,NA,2,3000,46000,46004,NA,14,507,2018-03-27T14:45:00Z,4,7,1,1,14,13,NA
2,740,1,161980,3,NA,2,3000,46000,46004,NA,2,28,2018-04-25T11:00:00Z,4,7,1,1,9,13,NA
2,741,1,161980,3,NA,2,3000,46000,46004,NA,9,73,2018-05-08T11:39:00Z,4,7,1,1,9,13,NA
2,742,1,161980,3,NA,2,3000,46000,46004,NA,25,2063,2017-05-04T12:46:00Z,4,7,2,1,12,13,NA
2,743,1,161980,3,NA,2,3000,46000,46004,NA,3,2497,2017-05-04T12:50:00Z,4,7,2,1,9,13,NA
2,744,1,161980,3,NA,2,3000,44000,44018,NA,NA,509,2018-02-23T11:00:00Z,4,5,1,1,9,13,NA
2,745,1,161980,3,NA,2,3000,44000,44018,NA,7,312,2019-01-03T09:13:00Z,4,6,1,1,9,13,NA
2,746,1,161980,3,NA,2,3000,44000,44018,NA,2,188,2019-01-05T10:54:59Z,4,5,1,1,2,13,NA
2,747,1,161980,3,NA,2,3000,44000,44018,NA,2,398,2019-01-08T12:55:00Z,4,4,1,1,12,13,NA
2,748,1,161980,3,NA,2,3000,44000,NA,NA,2,199,2019-01-09T09:03:00Z,4,3,1,1,9,13,NA
2,749,1,161980,3,NA,2,3000,44000,NA,NA,1,144,2019-01-10T09:48:00Z,4,8,1,1,2,13,NA
2,750,1,161980,3,NA,2,3000,44000,44018,NA,1,609,2019-01-12T10:30:00Z,4,4,1,1,12,13,NA
2,751,1,161980,3,NA,2,3000,44000,44018,NA,2,498,2019-01-17T10:53:00Z,4,3,1,1,2,13,NA
2,752,1,161980,3,NA,2,3000,44000,NA,NA,3,1014,2019-01-19T12:10:00Z,4,6,1,1,12,13,NA
2,753,1,161980,3,NA,2,3000,44000,44018,NA,1,999,2019-01-23T12:45:00Z,4,6,1,1,9,13,NA
2,754,1,161980,3,NA,2,3000,44000,44018,NA,4,1067,2019-01-24T12:00:00Z,4,5,1,1,2,13,NA
2,755,1,161980,3,NA,2,3000,44000,44018,NA,1,999,2019-01-26T12:24:59Z,4,3,1,1,12,13,NA
2,756,1,161980,3,NA,2,3000,44000,44018,NA,5,988,2019-01-29T13:09:59Z,4,9,1,1,9,13,NA
2,757,1,161980,3,NA,2,3000,44000,44018,NA,6,992,2019-02-01T12:55:00Z,4,5,1,1,2,13,NA
2,758,1,161980,3,NA,2,3000,44000,44018,NA,4,1006,2019-02-02T09:48:00Z,4,5,1,1,12,13,NA
2,759,1,161980,3,NA,2,3000,44000,44018,NA,8,1019,2019-02-06T12:45:00Z,4,3,1,1,9,13,NA
2,760,1,161980,3,NA,2,3000,44000,44018,NA,2,998,2019-02-07T08:20:00Z,4,5,1,1,2,13,NA
2,761,1,161980,3,NA,2,3000,44000,44018,NA,4,866,2019-02-08T12:15:00Z,4,7,1,1,12,13,NA
2,762,1,161980,3,NA,2,3000,44000,44018,NA,5,695,2019-02-09T09:40:00Z,4,5,1,1,9,13,NA
2,763,1,161980,3,NA,2,3000,44000,44018,NA,8,992,2019-02-15T09:35:00Z,4,5,1,1,12,13,NA
2,764,1,161980,3,NA,2,3000,44000,44018,NA,3,877,2019-02-16T08:15:00Z,4,5,1,1,9,13,NA
2,765,1,161980,3,NA,2,3000,44000,44018,NA,NA,650,2019-02-20T09:00:00Z,4,5,1,1,2,13,NA
2,766,1,161980,3,NA,2,3000,44000,44018,NA,3,1018,2019-02-21T09:30:00Z,4,4,1,1,12,13,NA
2,767,1,161980,3,NA,2,3000,44000,44018,NA,2,483,2019-02-22T08:00:00Z,4,4,1,1,9,13,NA
2,768,1,161980,3,NA,2,5000,46000,46004,NA,1,473,2019-01-08T09:40:00Z,4,3,1,1,8,13,NA
2,769,1,161980,3,NA,2,5000,46000,46004,NA,1,187,2019-01-09T09:40:00Z,4,3,1,1,5,13,NA
2,770,1,161980,3,NA,2,5000,46000,46004,NA,6,299,2019-01-10T09:40:00Z,4,6,1,1,14,13,NA
2,771,1,161980,3,NA,2,5000,46000,46004,NA,1,703,2019-01-12T08:35:00Z,4,3,1,1,8,13,NA
2,772,1,161980,3,NA,2,5000,46000,46004,NA,0,694,2019-01-15T09:35:00Z,4,5,1,1,5,13,NA
2,773,1,161980,3,NA,2,5000,46000,46004,NA,2,484,2019-01-17T14:10:00Z,4,5,1,1,14,13,NA
2,774,1,161980,3,NA,2,3000,46000,46004,NA,3,997,2019-01-19T09:18:00Z,4,3,1,1,8,13,NA
2,775,1,161980,3,NA,2,5000,46000,46004,NA,4,986,2019-01-23T08:44:00Z,4,5,1,1,5,13,NA
2,776,1,161980,3,NA,1,3000,46000,46004,NA,0,1032,2019-01-24T12:44:00Z,4,5,1,1,14,13,NA
2,777,1,161980,3,NA,2,3000,46000,46004,NA,0,1000,2019-01-25T09:20:00Z,4,5,1,1,8,13,NA
2,778,1,161980,3,NA,2,5000,46000,46004,NA,2,1015,2019-01-29T10:04:00Z,4,8,1,1,5,13,NA
2,779,1,161980,3,NA,2,3000,46000,46004,NA,4,1005,2019-02-01T10:08:00Z,4,5,1,1,14,13,NA
2,780,1,161980,3,NA,2,3000,46000,46004,NA,5,995,2019-02-02T12:30:00Z,4,6,1,1,8,13,NA
2,781,1,161980,3,NA,2,3000,46000,46004,NA,3,981,2019-02-06T08:41:00Z,4,4,1,1,5,13,NA
2,782,1,161980,3,NA,2,3000,46000,46004,NA,1,1000,2019-02-07T08:41:00Z,4,5,1,1,14,13,NA
2,783,1,161980,3,NA,2,3000,46000,46004,NA,1,1049,2019-02-08T08:15:00Z,4,7,1,1,8,13,NA
2,784,1,161980,3,NA,2,3000,46000,46004,NA,2,808,2019-02-09T12:35:00Z,4,5,1,1,5,13,NA
2,785,1,161980,3,NA,2,3000,46000,46004,NA,1,799,2019-02-14T11:16:00Z,4,7,1,1,14,13,NA
2,786,1,161980,3,NA,2,3000,46000,46004,NA,13,997,2019-02-15T12:02:00Z,4,7,1,1,8,13,NA
2,787,1,161980,3,NA,2,5000,46000,46004,NA,4,811,2019-02-16T12:02:00Z,4,5,1,1,5,13,NA
2,788,1,161980,3,NA,2,5000,46000,46004,NA,0,1000,2019-02-20T11:00:00Z,4,5,1,1,14,13,NA
2,789,1,161980,3,NA,2,3000,46000,46004,NA,4,996,2019-02-21T11:20:00Z,4,6,1,1,8,13,NA
2,790,1,161980,3,NA,2,3000,46000,46004,NA,1,709,2019-02-22T09:45:00Z,4,5,1,1,5,13,NA
2,791,1,161980,3,NA,2,5000,46000,46004,NA,4,996,2019-02-28T12:01:00Z,4,3,2,1,14,13,NA
2,792,1,161980,3,NA,2,5000,46000,46004,NA,0,770,2019-03-01T12:01:00Z,4,2,2,1,8,13,NA
2,793,1,161980,3,NA,2,3000,44000,44018,NA,7,1043,2019-02-28T08:00:00Z,4,3,2,1,2,13,NA
2,794,1,161980,3,NA,2,3000,44000,44018,NA,8,762,2019-03-01T12:00:00Z,4,7,2,1,12,13,NA
2,795,1,161980,3,NA,2,3000,44000,44018,NA,10,474,2019-03-02T09:46:00Z,4,7,2,1,5,13,NA
2,796,1,161980,3,NA,2,3000,44000,44018,NA,3,157,2019-03-21T09:46:00Z,4,7,2,1,9,13,NA
2,797,1,161980,3,NA,2,5000,46000,46004,NA,0,214,2020-01-15T11:22:00Z,4,7,1,1,8,13,NA
2,798,1,161980,3,NA,2,5000,46000,46004,NA,0,258,2020-01-17T11:39:59Z,4,7,1,1,5,13,NA
2,799,1,161980,3,NA,2,5000,46000,46004,NA,0,186,2020-01-20T10:19:00Z,4,7,1,1,14,13,NA
2,800,1,161980,3,NA,2,5000,46000,46004,NA,2,148,2020-01-22T11:35:00Z,4,7,1,1,8,13,NA
2,801,1,161980,3,NA,2,5000,46000,46004,NA,2,420,2020-01-29T09:24:59Z,4,5,1,1,5,13,NA
2,802,1,161980,3,NA,2,5000,46000,46004,NA,0,222,2020-01-31T09:50:00Z,4,7,1,1,14,13,NA
2,803,1,161980,3,NA,2,5000,46000,46004,NA,4,1890,2020-02-07T12:26:00Z,4,7,1,1,14,13,NA
2,804,1,161980,3,NA,2,5000,46000,46004,NA,1,1156,2020-02-13T10:08:00Z,4,7,1,1,5,13,NA
2,805,1,161980,3,NA,2,5000,46000,46004,NA,3,1137,2020-02-14T09:24:59Z,4,7,1,1,14,13,NA
2,806,1,161980,3,NA,2,5000,46000,46004,NA,3,997,2020-02-20T11:07:00Z,4,7,1,1,5,13,NA
2,807,1,161980,3,NA,2,5000,46000,46004,NA,3,997,2020-02-18T09:08:00Z,4,7,1,1,8,13,NA
2,808,1,161980,3,NA,2,5000,46000,46004,NA,4,486,2020-02-22T08:30:00Z,4,7,1,1,14,13,NA
2,809,1,161980,3,NA,2,5000,46000,46004,NA,11,989,2020-02-25T12:24:59Z,4,8,1,1,8,13,NA
2,810,1,161980,3,NA,2,5000,46000,46004,NA,6,994,2020-02-27T08:30:00Z,4,7,1,1,5,13,NA
2,811,1,161980,3,NA,2,5000,46000,46004,NA,5,756,2020-02-29T09:00:00Z,4,11,1,1,14,13,NA
2,812,1,161980,3,NA,2,5000,46000,46004,NA,21,731,2020-03-03T13:00:00Z,4,10,1,1,8,13,NA
2,813,1,161980,3,NA,2,3000,44000,44018,NA,12,581,2020-01-24T10:35:00Z,4,7,1,1,2,13,NA
2,814,1,161980,3,NA,2,3000,44000,44018,NA,0,141,2020-01-25T08:39:59Z,4,7,1,1,12,13,NA
2,815,1,161980,3,NA,2,3000,44000,44018,NA,1,339,2020-01-28T12:24:00Z,4,7,1,1,9,13,NA
2,816,1,161980,3,NA,2,3000,44000,44018,NA,3,374,2020-01-30T12:35:00Z,4,7,1,1,2,13,NA
2,817,1,161980,3,NA,2,3000,44000,44018,NA,9,1194,2020-01-31T13:17:59Z,4,7,1,1,12,13,NA
2,818,1,161980,3,NA,2,3000,44000,44018,NA,6,1772,2020-02-06T10:05:00Z,4,8,1,1,12,13,NA
2,819,1,161980,3,NA,2,3000,44000,44018,NA,1,1691,2020-02-12T12:16:00Z,4,7,1,1,2,13,NA
2,820,1,161980,3,NA,2,3000,44000,44018,NA,69,1662,2020-02-13T13:14:00Z,4,7,1,1,12,13,NA
2,821,1,161980,3,NA,2,3000,44000,44018,NA,7,993,2020-02-19T11:27:00Z,4,7,1,1,9,13,NA
2,822,1,161980,3,NA,2,3000,44000,44018,NA,7,993,2020-02-21T12:50:00Z,4,7,1,1,12,13,NA
2,823,1,161980,3,NA,2,3000,44000,44018,NA,2,998,2020-02-26T11:10:00Z,4,7,1,1,9,13,NA
2,824,1,161980,3,NA,2,3000,44000,44018,NA,3,1000,2020-02-28T09:40:00Z,4,7,1,1,12,13,NA
2,825,1,161980,3,NA,2,3000,44000,44018,NA,8,990,2020-03-04T08:45:00Z,4,8,1,1,9,13,NA
2,826,1,161980,3,NA,2,3000,44000,44018,NA,11,978,2020-03-06T09:07:00Z,4,7,2,1,12,13,NA
2,827,1,161980,3,NA,2,3000,44000,44018,NA,13,983,2020-03-07T10:30:00Z,4,20,1,1,10,13,NA
2,828,1,161980,3,NA,2,3000,44000,44018,NA,0,996,2020-03-12T09:45:00Z,4,8,1,1,9,13,NA
2,829,1,161980,3,NA,2,3000,44000,44018,NA,3,937,2020-03-14T11:00:00Z,4,7,1,1,12,13,NA
2,830,1,161980,3,NA,2,3000,44000,44018,NA,0,484,2020-03-19T13:53:00Z,4,7,1,1,9,13,NA
2,831,1,161980,3,NA,2,3000,44000,44018,NA,3,803,2020-03-25T10:05:00Z,4,7,1,1,12,13,NA
2,832,1,161980,3,NA,2,3000,44000,44018,NA,34,852,2020-03-28T12:52:00Z,4,7,1,1,10,13,NA
2,833,1,161980,3,NA,2,3000,44000,44018,NA,0,478,2020-04-01T09:50:00Z,4,7,1,1,9,13,NA
2,834,1,161980,3,NA,2,3000,44000,44018,NA,36,474,2020-04-08T09:15:00Z,4,20,1,1,12,13,NA
2,835,1,161980,3,NA,2,3000,44000,44018,NA,25,366,2020-04-16T09:39:00Z,4,7,1,1,10,13,NA
2,836,1,161980,3,NA,2,3000,44000,44018,NA,0,420,2020-04-22T09:50:00Z,4,14,1,1,9,13,NA
2,837,1,161980,3,NA,2,5000,46000,46004,NA,19,941,2020-03-05T13:00:00Z,4,14,1,1,5,13,NA
2,838,1,161980,3,NA,2,5000,46000,46004,NA,0,278,2020-03-10T10:00:00Z,4,20,1,1,14,13,NA
2,839,1,161980,3,NA,2,5000,46000,46004,NA,0,590,2020-03-13T13:54:59Z,4,10,1,1,8,13,NA
2,840,1,161980,3,NA,2,5000,46000,46004,NA,6,909,2020-03-18T09:43:00Z,4,23,1,1,5,13,NA
2,841,1,161980,3,NA,2,5000,46000,46004,NA,0,577,2020-03-24T12:34:00Z,4,24,1,1,8,13,NA
2,842,1,161980,3,NA,2,5000,46000,46004,NA,3,915,2020-03-27T12:53:00Z,4,10,1,1,5,13,NA
2,843,1,161980,3,NA,2,5000,46000,46001,NA,0,1037,2020-04-02T10:14:00Z,4,7,1,1,14,13,NA
2,844,1,161980,3,NA,2,5000,46000,46004,NA,4,416,2020-04-10T10:30:00Z,4,14,1,1,5,13,NA
2,845,1,161980,3,NA,2,5000,46000,46004,0,19,275,2020-04-17T11:07:00Z,4,7,1,1,8,13,NA
2,846,1,161980,3,NA,2,5000,46000,46004,NA,2,280,2020-04-21T11:58:00Z,4,7,1,1,14,13,NA
2,847,1,161980,3,NA,2,3000,44000,44018,NA,51,487,2020-04-29T09:31:00Z,4,7,1,1,12,13,NA
2,848,1,161980,3,NA,2,NA,44000,44018,NA,NA,889,2020-05-07T13:09:59Z,4,10,1,1,9,13,NA
2,849,1,161980,3,NA,2,3000,44000,44018,0,13,882,2020-05-09T10:45:00Z,4,7,1,1,12,13,NA
2,850,1,161980,3,NA,2,NA,44000,44018,13,NA,187,2020-05-14T13:19:00Z,4,7,1,1,10,13,NA
2,851,1,161980,3,NA,2,3000,46000,46004,NA,14,786,2020-04-28T13:30:00Z,4,13,1,1,5,13,NA
2,852,1,161980,3,NA,2,3000,46000,46004,NA,11,868,2020-05-01T09:55:00Z,4,10,1,1,8,13,NA
2,853,1,161980,3,NA,2,3000,46000,46004,NA,0,477,2020-05-08T11:30:00Z,4,7,1,1,14,13,NA
2,854,1,161980,3,NA,2,3000,46000,46004,NA,139,424,2020-05-12T09:20:00Z,4,7,1,1,5,13,NA
2,855,1,161980,3,NA,2,3000,46000,46004,NA,0,40,2020-01-10T11:20:00Z,4,7,2,1,14,13,NA